signal_id,ehtimollik
SG_000001,0.14774116131832252
SG_000007,0.15779504026067073
SG_000009,0.11089307154334586
SG_000010,0.08990628485197909
SG_000011,0.10541945229714896
SG_000018,0.1959291362081102
SG_000024,0.16589718670917003
SG_000026,0.16529918972299923
SG_000032,0.20529491052334178
SG_000033,0.24004842064020027
SG_000034,0.10302282256994966
SG_000036,0.12762335147180312
SG_000039,0.1304581501919901
SG_000048,0.09951037603663448
SG_000049,0.12977793156450315
SG_000050,0.2392845779753893
SG_000053,0.06025017500454945
SG_000054,0.2017664059426414
SG_000055,0.2054596880345005
SG_000058,0.10938109576298136
SG_000059,0.13893997994374555
SG_000061,0.16882033831027315
SG_000062,0.13835148714314816
SG_000072,0.16498349955746633
SG_000073,0.21239076709726853
SG_000075,0.18670510393194698
SG_000080,0.24687632931333764
SG_000081,0.18669745211995528
SG_000083,0.08964071693893003
SG_000086,0.13463012783095732
SG_000087,0.3384805790945654
SG_000092,0.1730730227095584
SG_000099,0.19974551183164416
SG_000100,0.14552947454251694
SG_000105,0.12791455309184577
SG_000106,0.21890256423715498
SG_000107,0.04525243422689164
SG_000118,0.1808340700067384
SG_000120,0.1001328371287529
SG_000125,0.14511938293990162
SG_000129,0.1655986952020724
SG_000137,0.14680880231948207
SG_000146,0.16268474589861048
SG_000147,0.19364732377322674
SG_000149,0.23168633577140718
SG_000153,0.18824809506573723
SG_000161,0.1490302321769841
SG_000163,0.11563244726259445
SG_000165,0.27468324238241876
SG_000173,0.13616784375104696
SG_000178,0.14761921144005477
SG_000179,0.10884384034792885
SG_000187,0.35656714087392
SG_000192,0.07780247592549824
SG_000193,0.20404307950743608
SG_000195,0.12898436752274045
SG_000196,0.16605611985390323
SG_000201,0.07337572010205207
SG_000203,0.10878563809979507
SG_000205,0.3611125272743492
SG_000207,0.21384832897029246
SG_000211,0.2214635536787132
SG_000214,0.1255841429331435
SG_000217,0.0985996383459905
SG_000218,0.3740584617762347
SG_000219,0.173372930166178
SG_000227,0.14829725672414243
SG_000229,0.13997177521431048
SG_000232,0.23782464489386673
SG_000240,0.09613966707756474
SG_000242,0.20763361731018665
SG_000244,0.14334301926177037
SG_000246,0.143176184955163
SG_000250,0.16315648122603574
SG_000253,0.1996997675514002
SG_000262,0.1528947487120888
SG_000269,0.273485241019254
SG_000270,0.1300325843685034
SG_000271,0.29228132955511654
SG_000284,0.22690571054854028
SG_000286,0.1755130856736499
SG_000287,0.10746812917446395
SG_000290,0.3206132686557027
SG_000291,0.1535097404753838
SG_000301,0.13341468316450278
SG_000302,0.20003543357221537
SG_000304,0.14923057112326524
SG_000306,0.2592067906740446
SG_000309,0.09221102722552901
SG_000314,0.17789100417878187
SG_000319,0.2962763825279732
SG_000320,0.19027758162935382
SG_000321,0.1865438157354024
SG_000325,0.2394268179419588
SG_000328,0.11827092251349876
SG_000329,0.11721182086802417
SG_000333,0.16623848534896987
SG_000334,0.2702624618847217
SG_000335,0.12197955633885382
SG_000339,0.07962694262227447
SG_000341,0.10982651166361765
SG_000345,0.24440683617279446
SG_000347,0.14639398550470084
SG_000349,0.12896094615776615
SG_000350,0.11171716525904798
SG_000351,0.09773542894921619
SG_000357,0.11179558021950062
SG_000360,0.23377314941488217
SG_000366,0.2899963983574654
SG_000368,0.20501319009160426
SG_000370,0.12928544759404614
SG_000378,0.14419887867782696
SG_000386,0.12994650286507442
SG_000394,0.12062035668543802
SG_000395,0.11867549526738845
SG_000397,0.26318168331789643
SG_000398,0.11935561390899052
SG_000401,0.17650384296502117
SG_000402,0.15945322002107737
SG_000414,0.23991316271477886
SG_000415,0.1693820666332762
SG_000419,0.22654497385453606
SG_000420,0.22394278326483116
SG_000422,0.23350189590777376
SG_000425,0.21096746767930422
SG_000430,0.11200147215180911
SG_000431,0.07023762006261347
SG_000435,0.06329834637760222
SG_000436,0.17405457774029812
SG_000440,0.13340099814468004
SG_000444,0.13797760103032167
SG_000450,0.1729990124198008
SG_000452,0.153553256873705
SG_000454,0.18140481168607298
SG_000460,0.17445085615473385
SG_000462,0.12087061809627878
SG_000471,0.20758622446113137
SG_000474,0.2353754279414882
SG_000475,0.20111926223303037
SG_000476,0.15189433554580584
SG_000480,0.18317842652062888
SG_000482,0.2890171890448409
SG_000484,0.21479447542423508
SG_000487,0.18103350569625962
SG_000488,0.22499720746121996
SG_000494,0.23633120584699566
SG_000496,0.10771816302524147
SG_000497,0.09215607238785697
SG_000498,0.13600816137697538
SG_000501,0.1693433345256159
SG_000506,0.21592810336811086
SG_000511,0.17303185651500938
SG_000513,0.09998070427962477
SG_000524,0.12276064697539486
SG_000526,0.21772457856599012
SG_000527,0.10828086967755338
SG_000530,0.13641005080545004
SG_000535,0.13587381035664184
SG_000536,0.16736524767496022
SG_000551,0.19619475536194114
SG_000561,0.23653258303049102
SG_000563,0.2712794015538012
SG_000567,0.20716091250117813
SG_000572,0.21829514338001768
SG_000580,0.1821799150000965
SG_000583,0.1357900339287557
SG_000585,0.25697993223917603
SG_000588,0.11466125677375705
SG_000591,0.2354039889066808
SG_000593,0.12684164018504113
SG_000594,0.17583938090792745
SG_000598,0.1144686006935937
SG_000603,0.16362176589749772
SG_000610,0.13195043978889245
SG_000614,0.15922574469055345
SG_000615,0.2002813598105599
SG_000616,0.10994345834868827
SG_000617,0.1377832963185984
SG_000619,0.11801322237251025
SG_000621,0.19260565797481305
SG_000629,0.19903676326469744
SG_000633,0.15839566890544998
SG_000634,0.22425422623122734
SG_000638,0.1644742675411884
SG_000640,0.17877829449459243
SG_000643,0.18275545376241822
SG_000646,0.327775306631659
SG_000648,0.1095360376741605
SG_000657,0.1560716764742606
SG_000662,0.1649405161639386
SG_000665,0.10686330429774285
SG_000666,0.20239373919242007
SG_000672,0.13445863003243463
SG_000674,0.1580202780648461
SG_000677,0.10197652807594815
SG_000678,0.18962552752537515
SG_000679,0.11146879129931275
SG_000691,0.2146823898460632
SG_000692,0.1034399159136156
SG_000693,0.2860964142805053
SG_000695,0.3081357776513771
SG_000696,0.11833272607995618
SG_000698,0.09962620748358192
SG_000706,0.13920256997885705
SG_000709,0.13170649505111304
SG_000713,0.17085238156630356
SG_000716,0.1369045706871484
SG_000717,0.06998946186921089
SG_000719,0.16580888047659886
SG_000722,0.23908618138652732
SG_000727,0.15176331329918386
SG_000734,0.12673139560329783
SG_000737,0.1109897753352939
SG_000739,0.12655219092609324
SG_000742,0.1965327678820788
SG_000743,0.11232763864923352
SG_000750,0.1527813563505539
SG_000751,0.2571455816850716
SG_000759,0.2477886096421209
SG_000762,0.203186008291538
SG_000764,0.13757101497078475
SG_000768,0.08479403675057139
SG_000769,0.1850469602172322
SG_000770,0.16146614498417572
SG_000788,0.30357545490973414
SG_000790,0.10130784030974835
SG_000797,0.15955357424086397
SG_000798,0.0720431915965498
SG_000799,0.192275583793585
SG_000802,0.20836635862733627
SG_000803,0.3483873195748409
SG_000809,0.18087880599255973
SG_000811,0.14191129855773746
SG_000812,0.20164549880388175
SG_000816,0.28847443087629304
SG_000817,0.14730093513650533
SG_000820,0.11549695224473969
SG_000821,0.08689590116046934
SG_000826,0.1771008487854297
SG_000840,0.1757328853554536
SG_000849,0.23722928630823503
SG_000851,0.13520097589866573
SG_000856,0.09379376287240485
SG_000857,0.30814186463269555
SG_000864,0.08461519165084415
SG_000865,0.09305728779206471
SG_000875,0.16747331223527237
SG_000883,0.11169670952474944
SG_000888,0.21925592735295102
SG_000889,0.1674176700796853
SG_000890,0.1494891389909105
SG_000891,0.14095494535686687
SG_000903,0.12459548505981424
SG_000907,0.10973860061553886
SG_000909,0.08292484241178678
SG_000910,0.17937410261942183
SG_000911,0.25921507735584065
SG_000912,0.26582836388225756
SG_000913,0.18899738403586333
SG_000917,0.21863131146951917
SG_000920,0.13963217478076165
SG_000928,0.13673483324147
SG_000934,0.10144096166730529
SG_000935,0.24303650955491785
SG_000938,0.18185981396446788
SG_000940,0.11871303141241744
SG_000943,0.14365994320410339
SG_000945,0.1646446952690077
SG_000946,0.1486702369472308
SG_000948,0.14625325428811983
SG_000950,0.2881989125530865
SG_000954,0.14724119289087695
SG_000959,0.23410357268555795
SG_000963,0.1685596199423554
SG_000965,0.1499403441819942
SG_000968,0.19574343361772
SG_000970,0.2552796917891528
SG_000973,0.08633608621647527
SG_000975,0.07640493188814189
SG_000977,0.08796388407478647
SG_000980,0.3425645097226557
SG_000981,0.20379733269693703
SG_000985,0.2083636851821881
SG_000987,0.26954359875592687
SG_000988,0.15174498360767846
SG_000990,0.17821564103354492
SG_000991,0.22314491584288393
SG_001002,0.1928847099527412
SG_001004,0.2577302630584458
SG_001009,0.18742426741045454
SG_001010,0.10936164250979734
SG_001014,0.16059164535945292
SG_001023,0.24260018069132117
SG_001027,0.08196818764132141
SG_001028,0.21866053568411475
SG_001030,0.13559166082683888
SG_001031,0.15901873506938244
SG_001032,0.15781376785870338
SG_001042,0.207075093505689
SG_001048,0.11936847093415508
SG_001049,0.1336022995475245
SG_001052,0.15487971084207866
SG_001058,0.19141684119563035
SG_001060,0.18548322575216025
SG_001066,0.19817914755722058
SG_001067,0.16971317752631818
SG_001070,0.1297359967078166
SG_001071,0.16404497780835264
SG_001075,0.0825638068500308
SG_001076,0.2153263481495286
SG_001078,0.09359845376750056
SG_001081,0.19279945469621657
SG_001085,0.11487219272248031
SG_001086,0.1077314432089789
SG_001100,0.1343315108890673
SG_001101,0.06627405038427471
SG_001102,0.15746552995519397
SG_001106,0.1442186099560546
SG_001107,0.0970428021587397
SG_001108,0.19897227643811796
SG_001109,0.13831210025955804
SG_001111,0.2836768141815644
SG_001117,0.19922474156454678
SG_001121,0.21169844781607727
SG_001123,0.2640931611444214
SG_001125,0.19963230152229444
SG_001126,0.2982044038680217
SG_001128,0.1437502922260786
SG_001133,0.10389979206017293
SG_001135,0.18560655522092184
SG_001143,0.4058507091699983
SG_001153,0.08863178509237979
SG_001155,0.2825403648234509
SG_001157,0.18340813574850795
SG_001159,0.17658560236883442
SG_001161,0.3143193879492682
SG_001163,0.07677612563031568
SG_001167,0.3100529929015624
SG_001180,0.19798366347924606
SG_001181,0.2716814667702615
SG_001182,0.18724834861370482
SG_001184,0.18755412224090418
SG_001188,0.10903333377394697
SG_001190,0.2249485112869077
SG_001192,0.1888151020823383
SG_001196,0.27261422776448807
SG_001201,0.1922381531633773
SG_001202,0.09744807063885082
SG_001203,0.18227183862151367
SG_001205,0.18795964371151655
SG_001208,0.23196702393126403
SG_001210,0.1963484965723173
SG_001211,0.1281770468665513
SG_001213,0.2216429757596599
SG_001215,0.240665962374925
SG_001217,0.1871403309895594
SG_001225,0.1961412363533322
SG_001226,0.1772089011672012
SG_001229,0.2988358226672858
SG_001230,0.11661487936406534
SG_001236,0.13359010553740663
SG_001237,0.0718094148012307
SG_001243,0.19812476195428946
SG_001245,0.14815774595154615
SG_001248,0.10659778195772966
SG_001252,0.08624761874964008
SG_001255,0.2871431393784655
SG_001257,0.18201595623360073
SG_001262,0.16234253096676035
SG_001264,0.1623148489371556
SG_001267,0.11196106856731598
SG_001279,0.042683549905128786
SG_001285,0.14076774919502552
SG_001287,0.10380869269273348
SG_001293,0.23356158228364676
SG_001296,0.2085488573189783
SG_001298,0.15964325953924038
SG_001303,0.10894808134539573
SG_001305,0.17417885526799165
SG_001306,0.2087337706599203
SG_001309,0.17931510993625582
SG_001312,0.08953049557224786
SG_001313,0.1822693568118293
SG_001314,0.14866174106184787
SG_001316,0.11620772483920287
SG_001318,0.09314088463630217
SG_001319,0.19590979234738565
SG_001321,0.22661999251352105
SG_001322,0.17324852326780021
SG_001327,0.1368133831834309
SG_001331,0.13883684143476716
SG_001335,0.16203619002328526
SG_001336,0.21490455345442644
SG_001349,0.1915287338370713
SG_001350,0.1649076659547583
SG_001352,0.18109901066030823
SG_001354,0.12861896897914288
SG_001361,0.10075215459668367
SG_001362,0.2088385113442869
SG_001364,0.1118049538103157
SG_001374,0.24661751791711567
SG_001389,0.13536541193139967
SG_001390,0.1237868332799088
SG_001395,0.2572695711854406
SG_001397,0.12801296933544873
SG_001401,0.12791060640648455
SG_001402,0.17077940823769458
SG_001405,0.11172164724635733
SG_001412,0.28894603280302367
SG_001415,0.15611281623075599
SG_001419,0.0917111792301773
SG_001421,0.21350101888504097
SG_001423,0.1664737832672008
SG_001432,0.17861949071356759
SG_001433,0.08305593637919062
SG_001441,0.2158414125368858
SG_001446,0.12025791755183499
SG_001447,0.18770538618977634
SG_001448,0.0849456950947937
SG_001453,0.11533820854034398
SG_001458,0.17101734552625186
SG_001465,0.19893120952346818
SG_001469,0.22283307708747194
SG_001470,0.25103713441296355
SG_001472,0.206900147066336
SG_001476,0.19143326616749246
SG_001478,0.23691571426445157
SG_001480,0.23833822831243473
SG_001484,0.10076624950844085
SG_001487,0.2746764328008531
SG_001493,0.17743289813846214
SG_001494,0.3347176556559178
SG_001500,0.2121833465745555
SG_001505,0.1879726707103822
SG_001506,0.2053897121999447
SG_001510,0.11106108255520446
SG_001514,0.18348147780763188
SG_001520,0.1972830809443806
SG_001525,0.24689346354033498
SG_001527,0.13480941857266776
SG_001528,0.16530737088403055
SG_001529,0.10300908970551663
SG_001531,0.20000631418510478
SG_001541,0.27625934161720817
SG_001542,0.1788453924777738
SG_001543,0.275822918854357
SG_001545,0.10185517669150383
SG_001549,0.1647736071998035
SG_001557,0.1779027006501092
SG_001558,0.2041686221094991
SG_001561,0.1699634587978719
SG_001562,0.055173580016156354
SG_001563,0.2230828939558326
SG_001567,0.13241896187307797
SG_001568,0.15772339432829355
SG_001569,0.20729866226037758
SG_001570,0.15705702087957127
SG_001571,0.1758419193099119
SG_001572,0.25195133583286755
SG_001573,0.11085928989443894
SG_001576,0.18115519804200012
SG_001584,0.1630155213659123
SG_001590,0.1707890782630677
SG_001591,0.11977275038110846
SG_001592,0.08850957806020503
SG_001595,0.1639571573986339
SG_001601,0.27606908236263933
SG_001604,0.17308324148698645
SG_001609,0.23905521489895265
SG_001610,0.2425943347761316
SG_001612,0.11644386068613902
SG_001613,0.21521223075354579
SG_001615,0.13568216044619533
SG_001623,0.16371352259353764
SG_001624,0.10264762833790475
SG_001631,0.1443249041328843
SG_001634,0.1569023327944963
SG_001636,0.2897189871676572
SG_001638,0.3115625842372324
SG_001647,0.17292284459689464
SG_001650,0.24212072266604992
SG_001653,0.17593098598037554
SG_001654,0.24932680067104274
SG_001658,0.19854348151812515
SG_001663,0.15829247771989244
SG_001667,0.13222827022486167
SG_001668,0.12168429979011322
SG_001670,0.07046455905933262
SG_001683,0.12512996554969802
SG_001686,0.19217982696488617
SG_001688,0.21190065503709218
SG_001689,0.09776492174020864
SG_001698,0.28289041179380064
SG_001704,0.18352268280239217
SG_001711,0.19691784545492214
SG_001719,0.12627007188613942
SG_001720,0.0778191521655112
SG_001723,0.1976058719012098
SG_001726,0.1578721159816466
SG_001728,0.10908869339237456
SG_001731,0.11757429184138155
SG_001733,0.20174625621726597
SG_001734,0.09259856213910501
SG_001735,0.22366340488179098
SG_001737,0.2464669691314564
SG_001738,0.18443030296356083
SG_001739,0.11617103165707462
SG_001740,0.15738629598566356
SG_001744,0.22733423234040764
SG_001745,0.16537344573161336
SG_001750,0.12904233333815307
SG_001751,0.19551831268282105
SG_001761,0.1752984767244268
SG_001767,0.12090149057272925
SG_001768,0.2279651224235645
SG_001769,0.10784306420566644
SG_001776,0.25354830289822083
SG_001786,0.08572007340272433
SG_001788,0.15487257964428772
SG_001789,0.18017727310224035
SG_001790,0.11316311588876064
SG_001791,0.18501030991011716
SG_001792,0.18784057266755036
SG_001793,0.11989654612557307
SG_001796,0.17478596216599732
SG_001797,0.09556866718403365
SG_001803,0.12810373511970177
SG_001804,0.13530043234695383
SG_001806,0.17045475927832407
SG_001811,0.13395904004000297
SG_001815,0.23772461862146438
SG_001819,0.16310062500359135
SG_001824,0.1621306609772705
SG_001825,0.2576766465470909
SG_001827,0.2050608495665537
SG_001830,0.14138119959492465
SG_001831,0.14723948565300232
SG_001833,0.2496965318363032
SG_001836,0.1156908236957376
SG_001844,0.17947324424063474
SG_001846,0.14163435105475644
SG_001847,0.1736016480384674
SG_001848,0.23388108350917153
SG_001849,0.19587181534442688
SG_001851,0.10902669170951931
SG_001858,0.13736340690298823
SG_001860,0.10871825983677508
SG_001862,0.19915056003399914
SG_001864,0.06973234533565292
SG_001865,0.12227467985978355
SG_001867,0.22202640019124903
SG_001872,0.08157030017429838
SG_001876,0.12022583859727272
SG_001877,0.2712827220049906
SG_001883,0.23633420768618768
SG_001884,0.12076137141415744
SG_001885,0.11485094165538964
SG_001886,0.2597202683504034
SG_001888,0.11546243024345593
SG_001890,0.1363447827546774
SG_001892,0.16613818015518575
SG_001893,0.21777588406449558
SG_001894,0.1442357669473059
SG_001895,0.3442191211450345
SG_001897,0.18462757247486425
SG_001901,0.15824200208908354
SG_001903,0.1676778256453244
SG_001904,0.07774027439465378
SG_001906,0.13745323102148727
SG_001909,0.19735585151241042
SG_001912,0.11742437237934156
SG_001914,0.15657373209484143
SG_001915,0.1403465271418
SG_001919,0.23989951385574643
SG_001924,0.13386599581074896
SG_001925,0.1160373209005833
SG_001928,0.19597394378827368
SG_001930,0.12387874540457353
SG_001932,0.12327978175234044
SG_001933,0.129257845501414
SG_001934,0.10003999492043344
SG_001936,0.07680448581548079
SG_001947,0.12026728878589624
SG_001953,0.2140657539400661
SG_001954,0.09931151575352141
SG_001955,0.20990524652053238
SG_001963,0.17732475491835573
SG_001971,0.22821743577755327
SG_001975,0.15057080495923822
SG_001976,0.13840982679609967
SG_001977,0.24327164583625027
SG_001980,0.12037257132442583
SG_001981,0.07649461990592078
SG_001982,0.16189304984967118
SG_001990,0.16772497106333645
SG_001999,0.12708193094846876
SG_002000,0.19379801771018054
SG_002002,0.2968934752642273
SG_002004,0.2153818374934217
SG_002008,0.3214115667649785
SG_002009,0.1394649261000287
SG_002016,0.24513750880525506
SG_002021,0.14117103862402053
SG_002024,0.1844012143155723
SG_002027,0.2524371237602908
SG_002037,0.20003940907259327
SG_002038,0.17460082698582935
SG_002039,0.17118316197377453
SG_002044,0.23371910861576706
SG_002045,0.10768297439662258
SG_002048,0.09420009399725537
SG_002050,0.2306308481988944
SG_002052,0.18895589574380317
SG_002063,0.13546132077539508
SG_002067,0.2917917585701342
SG_002068,0.15773717959836214
SG_002069,0.10676833029433981
SG_002074,0.10299145858181469
SG_002075,0.13146647018347463
SG_002078,0.08874451528364818
SG_002081,0.1231869542227628
SG_002090,0.2301923748012348
SG_002097,0.23460153333754982
SG_002103,0.15081644359337534
SG_002105,0.20552252264827767
SG_002110,0.13380313312569037
SG_002122,0.19452668142144905
SG_002123,0.15440233559194974
SG_002125,0.37197527992678836
SG_002129,0.2872767943807617
SG_002131,0.2200178410546612
SG_002137,0.1473728038101643
SG_002142,0.259020970285596
SG_002150,0.1523864248593847
SG_002151,0.21053614167690266
SG_002152,0.17672834879689145
SG_002166,0.1385646995890581
SG_002171,0.20710077515872927
SG_002172,0.12227657870687614
SG_002176,0.1480687311132168
SG_002177,0.30283903477045976
SG_002181,0.24745609186486264
SG_002184,0.11643821027172038
SG_002185,0.34853494500735194
SG_002186,0.11541952304582422
SG_002191,0.14103408429647787
SG_002192,0.20758397681207935
SG_002194,0.15154534788052548
SG_002200,0.11412844612893555
SG_002209,0.2125148038647211
SG_002213,0.12011698121524843
SG_002220,0.12548441682515704
SG_002223,0.135536766429571
SG_002227,0.1048103481581382
SG_002228,0.11279102536848928
SG_002233,0.20054472676414914
SG_002241,0.22685135753063418
SG_002248,0.31825015630076303
SG_002251,0.17373382214275485
SG_002252,0.15174151410010955
SG_002254,0.19840427670333455
SG_002255,0.22625926395708135
SG_002260,0.2555926882613549
SG_002262,0.14440488736848234
SG_002263,0.15621178881772077
SG_002266,0.12696745207985902
SG_002270,0.1340449635242406
SG_002277,0.17409495846640904
SG_002278,0.08890678008460044
SG_002280,0.13289885887452235
SG_002281,0.14258582423475027
SG_002283,0.13543590460169058
SG_002284,0.21931518190040783
SG_002286,0.11788949154299577
SG_002288,0.10579268011683048
SG_002291,0.18450603152966893
SG_002292,0.14746505374823846
SG_002294,0.131212046269944
SG_002296,0.17352309875237767
SG_002298,0.14236603788829644
SG_002301,0.12972358280090823
SG_002304,0.2253015765060223
SG_002311,0.12484530542580959
SG_002319,0.30207235088232864
SG_002320,0.12330986847956774
SG_002322,0.1580011333676031
SG_002324,0.12894870156501653
SG_002328,0.19308154469454056
SG_002332,0.13112172156942434
SG_002341,0.30892649035517566
SG_002346,0.13544764400997072
SG_002347,0.2637009613630315
SG_002352,0.1359532169377693
SG_002357,0.1907376260479205
SG_002361,0.1425432157624102
SG_002370,0.06698561637917258
SG_002371,0.219486763797673
SG_002372,0.10700262855360305
SG_002373,0.15182717802722973
SG_002374,0.12857542837599006
SG_002375,0.15007847257720572
SG_002381,0.13521246669573844
SG_002385,0.11777546862687893
SG_002387,0.13844808237474374
SG_002390,0.22931076601100697
SG_002391,0.0856207910299599
SG_002392,0.08914595582437665
SG_002394,0.2278292560680598
SG_002396,0.11951143471936168
SG_002401,0.13616434048169168
SG_002402,0.09730785743921506
SG_002404,0.17284944012224365
SG_002407,0.12304784442527679
SG_002410,0.1205409870607376
SG_002419,0.27931465033573255
SG_002421,0.18425558842746276
SG_002422,0.16564704739983022
SG_002423,0.33022967572798173
SG_002429,0.1328200386208171
SG_002430,0.15039408892479336
SG_002434,0.27478570613928116
SG_002437,0.19085085778890704
SG_002442,0.11872779477562319
SG_002444,0.09001816159900171
SG_002447,0.1444933470629929
SG_002448,0.1278464770206776
SG_002450,0.3022529158889403
SG_002453,0.138571623271641
SG_002454,0.17232049007046082
SG_002455,0.18686555648455977
SG_002456,0.25764064361528094
SG_002458,0.14971362628831195
SG_002459,0.2403334823223394
SG_002460,0.2634690682049882
SG_002462,0.11702003825930925
SG_002464,0.16776633019005913
SG_002466,0.16990827288689986
SG_002475,0.17108518515551027
SG_002477,0.18975250829811788
SG_002479,0.17809549144224857
SG_002482,0.1560190280579411
SG_002483,0.21561748497835204
SG_002486,0.21707505025411092
SG_002490,0.26133731983673975
SG_002493,0.144987154030987
SG_002495,0.21256655568901958
SG_002498,0.1286973969216447
SG_002500,0.20958976542710755
SG_002502,0.09671273487331203
SG_002507,0.18858165131792867
SG_002509,0.15712357685827016
SG_002517,0.24969371392466133
SG_002520,0.16968268442722087
SG_002522,0.16369570637923778
SG_002526,0.07917280580268508
SG_002529,0.10229618500042403
SG_002532,0.10303940891958466
SG_002539,0.09838596123354834
SG_002541,0.10779778237756377
SG_002544,0.1077599087176138
SG_002545,0.1762938612685696
SG_002546,0.16669360053617951
SG_002548,0.19893134507017612
SG_002555,0.23291981362722133
SG_002559,0.13393464321559662
SG_002568,0.09793904167062502
SG_002572,0.2652986289443177
SG_002573,0.11635083256709129
SG_002577,0.17300498506947634
SG_002580,0.17980798586961033
SG_002583,0.17844942344499864
SG_002586,0.16312806418122508
SG_002587,0.19444818647466655
SG_002588,0.10771503882176596
SG_002594,0.11631968858748976
SG_002596,0.06885418878305463
SG_002597,0.08080098050698006
SG_002599,0.15653809061173515
SG_002600,0.181627633309931
SG_002601,0.06752034349506028
SG_002605,0.19827581377559453
SG_002613,0.15067535079115196
SG_002615,0.201699271978298
SG_002618,0.10017705921913422
SG_002622,0.12596468672276095
SG_002627,0.16187989383654894
SG_002628,0.15080071896193098
SG_002630,0.08512994344494915
SG_002633,0.1687422856339814
SG_002638,0.11446691716355999
SG_002649,0.21210111460523223
SG_002650,0.13725889886482895
SG_002652,0.11134404533711884
SG_002653,0.19386235296783225
SG_002654,0.10569831047964892
SG_002657,0.15635301643302418
SG_002664,0.17416217077972912
SG_002665,0.08801816362867845
SG_002666,0.10378262674217827
SG_002667,0.17158995217831885
SG_002672,0.19136370498181648
SG_002673,0.23402757059642906
SG_002674,0.16468998243999503
SG_002675,0.14484240934664508
SG_002680,0.2558909063416823
SG_002684,0.28677225585491534
SG_002688,0.2357238260106144
SG_002689,0.13844846691813478
SG_002691,0.12733610436833015
SG_002693,0.25134220706684873
SG_002699,0.19462603894639505
SG_002701,0.2189195615086737
SG_002705,0.18447881162384733
SG_002720,0.07380846598598728
SG_002731,0.1530833080338825
SG_002733,0.10252413198508256
SG_002735,0.1277525653486763
SG_002736,0.24506891145806003
SG_002738,0.11252754975699479
SG_002742,0.20228285677165872
SG_002746,0.10668251263321335
SG_002748,0.09817838999935138
SG_002752,0.10245560890678307
SG_002755,0.14328247348725148
SG_002757,0.1489109211661794
SG_002759,0.16188655375538122
SG_002767,0.1507830230318878
SG_002770,0.2296080951173544
SG_002773,0.2675999166585255
SG_002777,0.21904453358473472
SG_002782,0.10834198068392353
SG_002783,0.097978142258399
SG_002785,0.1127320755557086
SG_002788,0.18022956839774645
SG_002789,0.16663816674382037
SG_002793,0.13218803447658414
SG_002796,0.1435745769420557
SG_002798,0.19214613454349994
SG_002809,0.26824949958359895
SG_002814,0.22944872772298597
SG_002820,0.1558166914189258
SG_002825,0.23767699132639802
SG_002827,0.1857762015129271
SG_002829,0.1610779718973795
SG_002832,0.368797426629794
SG_002834,0.11331719595184571
SG_002840,0.19536241211223926
SG_002842,0.12793763650724765
SG_002843,0.15296356235062727
SG_002849,0.25808567582110126
SG_002850,0.1611012191971785
SG_002853,0.15338570330728052
SG_002875,0.26180982597150704
SG_002882,0.26825362202064157
SG_002887,0.35151628422719855
SG_002891,0.1817288302710731
SG_002896,0.13097067395809622
SG_002904,0.16153420126462256
SG_002906,0.19938751656804737
SG_002907,0.17903960727953794
SG_002910,0.23847468700867078
SG_002918,0.1246028640368565
SG_002926,0.1320731491502158
SG_002930,0.15883767622686507
SG_002932,0.11784786651265497
SG_002937,0.1427260260417849
SG_002939,0.19947564190290304
SG_002943,0.09421366324426209
SG_002944,0.1054414979839741
SG_002947,0.07852449397791947
SG_002949,0.1428581518109382
SG_002950,0.09659494629008483
SG_002952,0.13323603920691512
SG_002954,0.19744411357736086
SG_002955,0.26250418702656353
SG_002958,0.19837731603991976
SG_002960,0.11726270985195986
SG_002964,0.22856101334947926
SG_002967,0.14454499651411207
SG_002972,0.3083442011432719
SG_002982,0.3506479801497196
SG_002985,0.21072788706254114
SG_002989,0.12062152712356236
SG_002999,0.11786167315663351
SG_003002,0.1443475467420527
SG_003008,0.1836702552669192
SG_003023,0.11154898098934755
SG_003024,0.12592485693759936
SG_003026,0.2422384777141542
SG_003028,0.20387613417191738
SG_003030,0.17132789186841504
SG_003031,0.1737209450687289
SG_003037,0.09399416177130701
SG_003042,0.1276584104210854
SG_003043,0.14814153212067752
SG_003044,0.23854980755859329
SG_003045,0.1559140211815338
SG_003048,0.1184677506372381
SG_003049,0.09393648230025113
SG_003051,0.11159484072240906
SG_003052,0.16098988269998257
SG_003059,0.2727027340997024
SG_003062,0.10471647788022238
SG_003065,0.12197015739661625
SG_003067,0.11157332691513362
SG_003071,0.10851681127478807
SG_003072,0.1757528182052864
SG_003073,0.15460254870073312
SG_003075,0.15832955771872115
SG_003080,0.10074434014752609
SG_003082,0.17776604147642822
SG_003084,0.21904367029479008
SG_003085,0.14987506387950944
SG_003088,0.1717596563685851
SG_003089,0.1719066752247998
SG_003096,0.1288709572036564
SG_003097,0.20050249616680366
SG_003102,0.16633068266169734
SG_003105,0.2809429205149531
SG_003107,0.07468990802527242
SG_003111,0.15864684350631317
SG_003116,0.162505089971604
SG_003118,0.13629454240978994
SG_003125,0.08564634205393648
SG_003127,0.1564947936809618
SG_003133,0.23740880030169578
SG_003135,0.1557862101881244
SG_003137,0.24204324229244928
SG_003138,0.17098194013098295
SG_003139,0.2982075399811787
SG_003141,0.2329850613265184
SG_003144,0.2124568193912364
SG_003151,0.212221046050154
SG_003154,0.22907337021802446
SG_003158,0.23968284432604164
SG_003160,0.13358028953300102
SG_003164,0.24223089078337448
SG_003168,0.13739183458822843
SG_003169,0.0794481412728022
SG_003174,0.07084568870949354
SG_003179,0.24358783439101844
SG_003184,0.1360154513067981
SG_003186,0.11225807593712984
SG_003193,0.23960823341198476
SG_003196,0.10648867789273413
SG_003198,0.18014772425661918
SG_003201,0.2117989416853328
SG_003204,0.2608124882510898
SG_003205,0.16193939568602034
SG_003206,0.12773421953874847
SG_003211,0.22050404416365824
SG_003214,0.13500084298337095
SG_003215,0.15355356672483675
SG_003216,0.19972617270037385
SG_003217,0.12950299689218914
SG_003219,0.12549185729068726
SG_003226,0.18820193157469506
SG_003227,0.23175026446664498
SG_003230,0.23701110029165484
SG_003231,0.17956599068669354
SG_003232,0.11261633174407013
SG_003234,0.1099112688385158
SG_003239,0.16878655482273444
SG_003241,0.12144848168877335
SG_003243,0.15029101428606695
SG_003250,0.14461068546900524
SG_003253,0.17700778003597034
SG_003256,0.1364131203973857
SG_003259,0.1482345338570384
SG_003266,0.26718837544433044
SG_003272,0.21410479302217295
SG_003273,0.16124017934111412
SG_003281,0.07733472584010473
SG_003284,0.16463494364782832
SG_003288,0.07509232095813613
SG_003293,0.1113107316100184
SG_003294,0.2022212648880155
SG_003295,0.17735082508306094
SG_003296,0.09854893833227979
SG_003301,0.23725966892482084
SG_003304,0.1618061732822776
SG_003305,0.20549451680434333
SG_003307,0.17157917784310603
SG_003310,0.17394653679899058
SG_003314,0.21623636402146232
SG_003321,0.1114865497415444
SG_003325,0.1549737550616988
SG_003328,0.24555918498448048
SG_003331,0.22136037336497663
SG_003332,0.2412257188453415
SG_003333,0.1690439156856885
SG_003340,0.18538770973961957
SG_003341,0.24509043464173205
SG_003342,0.23213711970587458
SG_003349,0.1657503214121864
SG_003355,0.16727709220593187
SG_003357,0.23990780376909945
SG_003361,0.10971322022504748
SG_003370,0.23194265396858338
SG_003371,0.20876705245977156
SG_003373,0.14971258731037954
SG_003374,0.2686490609934813
SG_003379,0.14574100152204034
SG_003388,0.096101444748802
SG_003389,0.2333170764268581
SG_003390,0.09388048052679136
SG_003391,0.19361194592565606
SG_003392,0.12359563271430965
SG_003393,0.3328930391240232
SG_003397,0.07962998976773775
SG_003398,0.1365944322523331
SG_003399,0.13496541677342017
SG_003402,0.21970448186064573
SG_003404,0.14627914202373873
SG_003407,0.06552226449042979
SG_003408,0.1619715800022683
SG_003422,0.09187389414115057
SG_003426,0.17594345470803896
SG_003430,0.14278011409092511
SG_003434,0.09212556789494968
SG_003437,0.17243109131492768
SG_003439,0.1157304067810598
SG_003440,0.15289173746482926
SG_003441,0.04873893329898543
SG_003444,0.18004926952361944
SG_003447,0.21172695842017233
SG_003452,0.09710908738533135
SG_003453,0.34669383512699675
SG_003464,0.15069228265412207
SG_003469,0.10640562310134842
SG_003475,0.21545686784907528
SG_003477,0.22510117367743748
SG_003479,0.14429613620759665
SG_003480,0.19307663012020762
SG_003482,0.3021935129106846
SG_003483,0.28921004953445906
SG_003485,0.1390067788686574
SG_003486,0.24825143156145701
SG_003489,0.04260649554156245
SG_003491,0.1125342442699584
SG_003492,0.09523258544739102
SG_003493,0.13723771900267542
SG_003501,0.23530877177819476
SG_003505,0.18839516253234564
SG_003509,0.10588216899483131
SG_003517,0.19776673440570358
SG_003521,0.13690343352358358
SG_003526,0.10858280666861579
SG_003528,0.11166367111622569
SG_003532,0.1256171937428567
SG_003535,0.1088543559523889
SG_003538,0.16279563240595682
SG_003541,0.09626343589849924
SG_003545,0.08832081923432353
SG_003548,0.13495929237224885
SG_003549,0.15160596594913428
SG_003554,0.07753703496956439
SG_003557,0.31392087932031487
SG_003566,0.18091304771351574
SG_003568,0.10718541678196898
SG_003572,0.164392014447141
SG_003575,0.18711629921408246
SG_003578,0.10769612474646695
SG_003584,0.12545220577789368
SG_003585,0.1400140625896831
SG_003588,0.23268361090826492
SG_003589,0.1846101191426414
SG_003594,0.18793840754878674
SG_003597,0.157336971853102
SG_003598,0.19063648585273713
SG_003601,0.20145723199243126
SG_003603,0.23290633400256927
SG_003610,0.1458302441549042
SG_003611,0.10971790564822399
SG_003613,0.18378107849636818
SG_003618,0.16872504670339272
SG_003619,0.11859835562891534
SG_003620,0.2515852735399468
SG_003625,0.30991700994237475
SG_003627,0.11610166262211803
SG_003628,0.15878395623809355
SG_003629,0.1492521750828748
SG_003637,0.2515416234669373
SG_003648,0.07716350594755801
SG_003650,0.07510443326362652
SG_003666,0.14194883906769043
SG_003668,0.21303559951497592
SG_003670,0.21189955446087588
SG_003671,0.06747608750354547
SG_003689,0.1322974880259242
SG_003691,0.1166229045087575
SG_003699,0.21390494110304464
SG_003702,0.1574855600735065
SG_003704,0.131383990769059
SG_003705,0.192398651289555
SG_003706,0.19326787225656802
SG_003708,0.10155608393215183
SG_003710,0.10317944386681424
SG_003711,0.12328011292717529
SG_003714,0.12951916262425714
SG_003715,0.2602833615975579
SG_003722,0.26398962568190776
SG_003745,0.19260123936041423
SG_003746,0.147432627497043
SG_003751,0.1360258859185151
SG_003754,0.21395657943565566
SG_003757,0.2544366573313245
SG_003758,0.1988763709909103
SG_003765,0.09035418010735458
SG_003767,0.10532004373018318
SG_003768,0.125726824225679
SG_003769,0.12963664965208335
SG_003777,0.20776474918681798
SG_003783,0.06837858078393932
SG_003786,0.11698060986646781
SG_003787,0.11191495793362025
SG_003788,0.1045153217749204
SG_003792,0.10623177645652897
SG_003795,0.16658614742435257
SG_003806,0.17023141550667606
SG_003807,0.20175604066694658
SG_003809,0.20324214929551115
SG_003810,0.10667885786828753
SG_003812,0.22376353074264704
SG_003820,0.18009946337391491
SG_003822,0.19573750967158138
SG_003829,0.2526599840438396
SG_003835,0.06749901379033094
SG_003843,0.2779208427103085
SG_003844,0.18510483388002455
SG_003851,0.0649040658943313
SG_003852,0.21175696520143478
SG_003856,0.16913265493883625
SG_003860,0.17561604794864477
SG_003863,0.14468591887327348
SG_003865,0.1694841800806785
SG_003868,0.22094967112028102
SG_003869,0.09562905403370048
SG_003874,0.16071919314173386
SG_003878,0.218113074302238
SG_003880,0.24853455806631866
SG_003881,0.1680973694558079
SG_003886,0.13332234386679487
SG_003896,0.1870341439521992
SG_003904,0.1804504943571917
SG_003905,0.24357193590511103
SG_003906,0.13936890609277586
SG_003907,0.14280880364636872
SG_003908,0.1261427753626363
SG_003910,0.2655140248707023
SG_003917,0.19210811678831363
SG_003919,0.2114945595602887
SG_003920,0.2522149386147663
SG_003921,0.07552592671912624
SG_003922,0.2444077083201009
SG_003925,0.11549901730613751
SG_003926,0.12960867152478645
SG_003935,0.10319568609963374
SG_003937,0.19359530392496355
SG_003940,0.17447363140909536
SG_003941,0.14323773482984678
SG_003945,0.17685214927737566
SG_003951,0.29551249708431093
SG_003958,0.06931397229519362
SG_003959,0.10157541345430723
SG_003961,0.24114596964749163
SG_003966,0.16473539116736918
SG_003967,0.1308303236281113
SG_003969,0.1760337155050685
SG_003972,0.19453375162311307
SG_003977,0.1977267114788411
SG_003978,0.10013190856078613
SG_003979,0.23148660220737266
SG_003988,0.10764998718561225
SG_003992,0.23912466695483311
SG_003994,0.1276196186522393
SG_003995,0.24483330827609504
SG_004001,0.1504434019812546
SG_004002,0.10736127409052512
SG_004011,0.13972070756643512
SG_004012,0.12511643187318738
SG_004016,0.25276087855073337
SG_004019,0.21618491793404743
SG_004034,0.20133696893531358
SG_004036,0.14107299081281616
SG_004041,0.2324749934232322
SG_004042,0.19315788725064978
SG_004045,0.10108441874450999
SG_004048,0.29527963600080365
SG_004049,0.06621603111554913
SG_004050,0.20317384678637093
SG_004054,0.18385117909879295
SG_004060,0.17455545387783078
SG_004063,0.1129898030027708
SG_004064,0.13905444067506195
SG_004065,0.23325978463471872
SG_004066,0.11260760480626819
SG_004071,0.1262876681961687
SG_004074,0.13226199393292024
SG_004078,0.23013600370327286
SG_004079,0.1117524984892209
SG_004080,0.1462165255368307
SG_004081,0.22634156444461118
SG_004083,0.2506633717794194
SG_004087,0.1563689598184332
SG_004089,0.14734163229145503
SG_004091,0.09244639226093371
SG_004093,0.28409445476821105
SG_004094,0.22719830331774418
SG_004100,0.12553969848859947
SG_004107,0.127595972060566
SG_004109,0.17537963346312857
SG_004110,0.20221973096275975
SG_004111,0.15233094907596972
SG_004123,0.10924384562044946
SG_004126,0.1052570749023461
SG_004127,0.07557021672430397
SG_004129,0.15453839804413322
SG_004130,0.12300546052286113
SG_004131,0.24000973753416313
SG_004136,0.13264549961453273
SG_004140,0.17110323370021613
SG_004149,0.11829317754717791
SG_004152,0.2195124625368027
SG_004155,0.20654320519076758
SG_004157,0.11185058061036432
SG_004163,0.11011885454173882
SG_004164,0.1467847507719194
SG_004168,0.15915123633290373
SG_004170,0.18208894025793104
SG_004171,0.10857379660301196
SG_004174,0.08891756040075291
SG_004175,0.14338679985080718
SG_004178,0.10112795324302423
SG_004181,0.23956875569528008
SG_004184,0.19597938492172787
SG_004186,0.153845006577615
SG_004187,0.2100659634562334
SG_004191,0.12831063266343262
SG_004192,0.28088915091486844
SG_004197,0.1537136892057121
SG_004201,0.17621502879876152
SG_004204,0.24808927971139658
SG_004207,0.1909973531647248
SG_004209,0.30591186206643933
SG_004214,0.2974399140922786
SG_004218,0.14496669183725366
SG_004220,0.12754855296542505
SG_004223,0.1407631285907135
SG_004224,0.17213754525532482
SG_004225,0.25611058789528024
SG_004228,0.1908344037285856
SG_004229,0.08978017904133276
SG_004230,0.11889314973603331
SG_004235,0.09273604066815495
SG_004238,0.19899977253435808
SG_004239,0.36389057746600373
SG_004244,0.17336509585136983
SG_004253,0.1718097403952562
SG_004256,0.12914691435723122
SG_004257,0.1889726128237502
SG_004258,0.12077317983313884
SG_004262,0.20594544027573142
SG_004263,0.11935871734587108
SG_004265,0.1393348612941378
SG_004268,0.11421854347352803
SG_004269,0.21945355674768816
SG_004271,0.11884474534786653
SG_004286,0.1717270985724066
SG_004289,0.10424403011729125
SG_004290,0.2647452384650246
SG_004291,0.2259960876430846
SG_004297,0.17444910778728379
SG_004300,0.18504910281185968
SG_004302,0.21804718633564005
SG_004305,0.15667194433740764
SG_004306,0.15753616613740198
SG_004312,0.15083538908150076
SG_004313,0.12176943557905537
SG_004315,0.23949861324681537
SG_004320,0.10351254381219548
SG_004321,0.2034460533140367
SG_004322,0.12910034742007614
SG_004325,0.18850709143744876
SG_004326,0.20921893838101652
SG_004339,0.12176403631660422
SG_004342,0.21701793073620998
SG_004347,0.2023549121009621
SG_004348,0.28242296269978606
SG_004349,0.21107026207437202
SG_004350,0.21948107079226525
SG_004357,0.08394614067718836
SG_004358,0.19427867023008785
SG_004359,0.14855698624271807
SG_004362,0.24144805049746593
SG_004365,0.1123688808512088
SG_004368,0.2136332123610088
SG_004369,0.22458736590838155
SG_004370,0.12675248007677595
SG_004378,0.2642911777455021
SG_004379,0.2003341731212787
SG_004388,0.24239615940389475
SG_004390,0.09082249190272232
SG_004391,0.13024651312392752
SG_004401,0.0927343664822832
SG_004404,0.4174823714265995
SG_004405,0.1888045028278668
SG_004406,0.14497252243557884
SG_004408,0.17760847277273425
SG_004415,0.15391279719527967
SG_004417,0.11485909791019615
SG_004419,0.15252728081728056
SG_004420,0.27773543303257114
SG_004422,0.15121678059520072
SG_004423,0.09945602260315649
SG_004426,0.09818673609229422
SG_004427,0.09812289178288308
SG_004429,0.19377488072109356
SG_004432,0.11238232558916639
SG_004439,0.2915795611053663
SG_004445,0.18418486678197427
SG_004447,0.22453765865510955
SG_004448,0.08964427616914514
SG_004451,0.2088224970759917
SG_004457,0.18045205940566103
SG_004458,0.08040859053820706
SG_004460,0.14668790856092445
SG_004461,0.2678357428830632
SG_004462,0.05334670811977195
SG_004464,0.11040154153047559
SG_004465,0.16258225917937152
SG_004469,0.12063295050838577
SG_004474,0.14797433202108873
SG_004475,0.12037495304232013
SG_004476,0.11202611722194118
SG_004477,0.19935385238969303
SG_004480,0.21248038464490696
SG_004482,0.1728263303845236
SG_004484,0.17282316976619772
SG_004486,0.16779371661950895
SG_004494,0.295041440165467
SG_004504,0.13840041662891073
SG_004508,0.16748592744861443
SG_004509,0.2553162509847586
SG_004511,0.19787066371026746
SG_004514,0.18229282055883061
SG_004515,0.19505582530114823
SG_004518,0.19271547264727346
SG_004521,0.11115382428033142
SG_004526,0.19539455641345413
SG_004530,0.19666947254571304
SG_004534,0.18035492557829516
SG_004536,0.09790786657617337
SG_004538,0.14186871446940058
SG_004539,0.3291479206589882
SG_004541,0.15295030530662918
SG_004549,0.10143153257991555
SG_004552,0.16521710413455995
SG_004553,0.1126830829161956
SG_004556,0.12736582347216405
SG_004559,0.13722000997558031
SG_004562,0.15739812995369476
SG_004565,0.12109384640591689
SG_004568,0.15313682272281212
SG_004576,0.1374208278999623
SG_004577,0.14051142090524812
SG_004593,0.24180174841619267
SG_004594,0.20101653023825183
SG_004600,0.21674882134697668
SG_004602,0.3187101471363311
SG_004608,0.10617805068672374
SG_004609,0.1862321673956544
SG_004612,0.11260506766380647
SG_004614,0.08690198187790424
SG_004617,0.1552811713229644
SG_004620,0.09644581058551678
SG_004623,0.1408896081722614
SG_004626,0.232593235348509
SG_004631,0.230915352809938
SG_004632,0.12219681253106789
SG_004633,0.1654491790815554
SG_004635,0.15989184885183555
SG_004637,0.1873403492184717
SG_004638,0.16880225646995625
SG_004641,0.2355913288780212
SG_004645,0.15733144926192882
SG_004652,0.10704411987067305
SG_004653,0.17532009257699202
SG_004655,0.23589261083479968
SG_004656,0.11121052926344352
SG_004658,0.10959229069171508
SG_004659,0.1228256495936664
SG_004662,0.14095736344812432
SG_004664,0.14508237069885802
SG_004668,0.1698920553627928
SG_004669,0.14576373750876273
SG_004672,0.23913591440934243
SG_004676,0.16976143829760076
SG_004682,0.10102201176517686
SG_004685,0.28342070573312494
SG_004689,0.1711025866124349
SG_004695,0.11996814987981601
SG_004697,0.15821951032203746
SG_004700,0.14770584397625225
SG_004701,0.29084014324082597
SG_004709,0.17886723529729803
SG_004710,0.09410596571698203
SG_004712,0.12035758646114084
SG_004716,0.1682215040599756
SG_004720,0.06863041749304566
SG_004721,0.10420900846313322
SG_004723,0.17813772694772476
SG_004731,0.23782754697686714
SG_004736,0.1579219041639201
SG_004737,0.2559332860188732
SG_004738,0.12233047851474921
SG_004739,0.21506032253331853
SG_004742,0.15418219751086149
SG_004751,0.24234247505237277
SG_004753,0.056861129779167664
SG_004755,0.24070199860851166
SG_004757,0.12791240363361925
SG_004760,0.1330542586916534
SG_004761,0.10231000430422199
SG_004762,0.11573124924407681
SG_004763,0.1915536749917557
SG_004764,0.18399738366916457
SG_004766,0.16718568922264088
SG_004769,0.11354886827646152
SG_004772,0.11263841155160455
SG_004773,0.14898334477420772
SG_004782,0.08973437721399245
SG_004784,0.16347611429859032
SG_004786,0.2041511768345532
SG_004787,0.17337000553056978
SG_004789,0.07154921142600526
SG_004797,0.13024371831046247
SG_004798,0.17365867291553122
SG_004799,0.2936166596289651
SG_004801,0.3624401377972618
SG_004804,0.28532829971049745
SG_004813,0.12506255402860858
SG_004816,0.3249190412053679
SG_004817,0.11196669850327985
SG_004818,0.227213050197364
SG_004821,0.16151393225216165
SG_004827,0.17431977354307104
SG_004828,0.14790755835442654
SG_004829,0.17727686690045233
SG_004830,0.3224323721954268
SG_004831,0.17450802264694332
SG_004836,0.1227978411140144
SG_004840,0.11889173524412514
SG_004842,0.1534972019464778
SG_004844,0.11939233498621074
SG_004846,0.265576375157167
SG_004853,0.12424148939357768
SG_004855,0.2174039882532
SG_004856,0.1430143819824339
SG_004866,0.10889437505866231
SG_004867,0.05350531693258428
SG_004868,0.3333192564696604
SG_004873,0.1941405414586253
SG_004877,0.17229387605154375
SG_004881,0.1291417570871965
SG_004882,0.2399740846852616
SG_004887,0.20975319453244218
SG_004898,0.30084452632114
SG_004900,0.19426588695664315
SG_004906,0.29721505110545415
SG_004907,0.1658448623602616
SG_004912,0.2105888418190199
SG_004913,0.11938520865945232
SG_004919,0.11458819039691101
SG_004922,0.2662922418544072
SG_004923,0.1984104965330788
SG_004925,0.11214750439153362
SG_004927,0.11477554521465874
SG_004929,0.21169416525108048
SG_004930,0.28061033371410116
SG_004939,0.20729554728916177
SG_004942,0.10851400929774939
SG_004944,0.13326192341817944
SG_004945,0.11637920152348451
SG_004959,0.21691059730170958
SG_004960,0.17245962372083565
SG_004964,0.11795282368396867
SG_004968,0.2748036889444662
SG_004969,0.13492278422141304
SG_004973,0.30810097420737825
SG_004975,0.18161638514892398
SG_004981,0.1777155700647403
SG_004985,0.2501194792269892
SG_004988,0.19892938361169776
SG_004990,0.13293561036002657
SG_004993,0.13242153117829675
SG_004997,0.08529771815202426
SG_005000,0.07357692313681458
SG_005002,0.2607739925793771
SG_005004,0.3502792399973623
SG_005011,0.17662876544355863
SG_005013,0.12402457247288898
SG_005018,0.1411687019867609
SG_005019,0.107019434585957
SG_005020,0.11736611022961418
SG_005022,0.0726260670449751
SG_005027,0.15200360925310552
SG_005029,0.10503706633582241
SG_005030,0.10690870922093756
SG_005031,0.12884936336434918
SG_005033,0.08785493301886109
SG_005037,0.12081664853938952
SG_005041,0.10575227979941756
SG_005048,0.17073079627730076
SG_005049,0.13506901830007265
SG_005052,0.08189081564614283
SG_005057,0.19238516562635427
SG_005058,0.13703267013906054
SG_005062,0.23849283188181297
SG_005080,0.12604844138455212
SG_005085,0.11794768463335199
SG_005086,0.19985683976968335
SG_005089,0.21636477398562404
SG_005090,0.09925613859684798
SG_005091,0.286275451037194
SG_005094,0.16173617799061887
SG_005097,0.2473747701646743
SG_005098,0.18364107604573005
SG_005100,0.24592357726272346
SG_005101,0.24550034390988826
SG_005102,0.27381756226878967
SG_005108,0.2708442039353667
SG_005110,0.3153458489055101
SG_005114,0.22242491752167015
SG_005120,0.18508328634917676
SG_005122,0.18190749461209701
SG_005123,0.16327369686760168
SG_005126,0.20144299822372863
SG_005131,0.07582196795125842
SG_005132,0.06366743124049112
SG_005134,0.10675694306831825
SG_005137,0.12154232544394247
SG_005140,0.16045364849718985
SG_005141,0.15531882558859
SG_005142,0.16750659552163646
SG_005143,0.10374209698447165
SG_005148,0.25596820829213696
SG_005161,0.1684691455230868
SG_005168,0.24230825419431704
SG_005170,0.10680299446195984
SG_005171,0.17041234536292355
SG_005174,0.1487451913039682
SG_005175,0.11562777866642696
SG_005178,0.22743216031944477
SG_005179,0.10104415667163821
SG_005188,0.1896832532201238
SG_005190,0.1852898731245527
SG_005191,0.11964566313124791
SG_005194,0.2659636198330578
SG_005196,0.13027730520868125
SG_005199,0.12254123484859791
SG_005200,0.0935118045314399
SG_005203,0.14591984964316362
SG_005205,0.23944472014986387
SG_005213,0.0937907943255383
SG_005214,0.19189104854000466
SG_005216,0.29249795239934795
SG_005220,0.1157870453889489
SG_005224,0.11688176701013664
SG_005228,0.18545352558747638
SG_005233,0.11545833170375483
SG_005235,0.23770892623128964
SG_005240,0.0760794276828666
SG_005241,0.2072484046659271
SG_005246,0.1955975077192306
SG_005247,0.1537275923582653
SG_005248,0.18374437975948898
SG_005250,0.15928223131026414
SG_005251,0.11983122713881836
SG_005253,0.10027420129352707
SG_005255,0.13920715010042076
SG_005264,0.21784155085694037
SG_005268,0.0670069397069589
SG_005270,0.1690038859346681
SG_005277,0.2399096655403561
SG_005282,0.07161872355237295
SG_005283,0.1997257071192292
SG_005284,0.19789478549048148
SG_005287,0.24399713537429973
SG_005289,0.2105419487837931
SG_005291,0.20923686872434083
SG_005292,0.08696714175172873
SG_005296,0.07128881443485721
SG_005302,0.14594206744418506
SG_005305,0.13523080069803875
SG_005311,0.15353604233223364
SG_005312,0.15659422255874028
SG_005313,0.14802675470064214
SG_005316,0.153418043519451
SG_005320,0.22349343620039303
SG_005321,0.19940841646415378
SG_005322,0.23131774883066442
SG_005323,0.23547903913344204
SG_005325,0.13145060817866194
SG_005328,0.17558572692808222
SG_005329,0.10459997318101186
SG_005332,0.2098138951537702
SG_005333,0.23799370384074986
SG_005335,0.12936613020823404
SG_005340,0.1657927595346792
SG_005341,0.1275545504605462
SG_005346,0.19251176512898666
SG_005350,0.464475410088306
SG_005351,0.11097053173058427
SG_005353,0.05009025887417703
SG_005356,0.10761216942262378
SG_005360,0.2559094391767407
SG_005362,0.14907294037829427
SG_005363,0.09954546552415122
SG_005365,0.20045502089490883
SG_005371,0.13927022288391744
SG_005372,0.16655283796230275
SG_005376,0.1994142291489482
SG_005378,0.15987072431497212
SG_005379,0.09092650885812208
SG_005380,0.3057682813082475
SG_005384,0.23493052683601298
SG_005386,0.20023161856566127
SG_005387,0.29254749443848355
SG_005397,0.2508600294730086
SG_005401,0.23285182382071504
SG_005408,0.2348114161634204
SG_005412,0.12416367444483108
SG_005414,0.2749721808071783
SG_005421,0.16639130938607982
SG_005424,0.11143746306011992
SG_005428,0.21407956489157084
SG_005432,0.1440720807078045
SG_005439,0.26102258316066995
SG_005444,0.1616975178293088
SG_005445,0.20861345270231593
SG_005446,0.13321491277038464
SG_005447,0.2851895193176263
SG_005449,0.1726009729445786
SG_005450,0.2386502872403931
SG_005451,0.1737692533963267
SG_005452,0.12283824135139305
SG_005456,0.13707191750317332
SG_005457,0.09552795116039547
SG_005459,0.07991660023903757
SG_005460,0.1119835488475831
SG_005465,0.16250384698853756
SG_005466,0.213177277021206
SG_005470,0.24591798407170068
SG_005473,0.2009147971274176
SG_005477,0.24434400674824266
SG_005486,0.14152828297457523
SG_005489,0.14838334199129471
SG_005491,0.2810852805267239
SG_005496,0.12224945143063051
SG_005497,0.2226634192120099
SG_005499,0.25206013867663046
SG_005503,0.15021606053834388
SG_005504,0.12702409352790026
SG_005506,0.13615368333309924
SG_005510,0.1289640405831014
SG_005511,0.35133550021874954
SG_005515,0.12517438667760494
SG_005518,0.2302110589476547
SG_005519,0.20946747471638055
SG_005524,0.24135251789496573
SG_005529,0.20580189700387247
SG_005530,0.1641570974381812
SG_005531,0.1287247958997514
SG_005532,0.09131920529817932
SG_005534,0.21327705492292476
SG_005535,0.20127176704022168
SG_005541,0.20710599539393604
SG_005542,0.11855420753604244
SG_005550,0.07566821772371354
SG_005555,0.1507692418842715
SG_005557,0.10047739235704685
SG_005565,0.21797452729239725
SG_005569,0.17510869694188413
SG_005572,0.09953283430592848
SG_005575,0.14566823896879338
SG_005579,0.32178970537522866
SG_005580,0.18543535376422116
SG_005583,0.10957560248273897
SG_005591,0.2180206805717857
SG_005592,0.12968955960267078
SG_005593,0.15145353473302767
SG_005594,0.12805718038541444
SG_005599,0.17924500940298924
SG_005603,0.23846676719323456
SG_005606,0.1291695619521595
SG_005611,0.1810355107513691
SG_005615,0.2722201217249731
SG_005622,0.22909697059709191
SG_005625,0.14890771340655556
SG_005630,0.17311314350233292
SG_005634,0.14244150710305603
SG_005635,0.20756941844428348
SG_005636,0.23305429689639084
SG_005638,0.17842552598725775
SG_005640,0.14500683686000576
SG_005643,0.10755240615669452
SG_005644,0.11703591007182457
SG_005645,0.1649823004914469
SG_005650,0.23217798090104386
SG_005654,0.25168622479776676
SG_005655,0.07362741110702738
SG_005656,0.14602209623264728
SG_005661,0.3192504215887338
SG_005664,0.07805671522232707
SG_005666,0.21933744855498932
SG_005671,0.15745597287063157
SG_005681,0.14676605658946912
SG_005683,0.2241872358662355
SG_005687,0.13186381276505182
SG_005688,0.17796105783234678
SG_005691,0.16055538028527355
SG_005692,0.19254140632361313
SG_005693,0.15814155454428738
SG_005694,0.32405701821821664
SG_005696,0.16459654130678475
SG_005703,0.09174546078836524
SG_005704,0.2268239656544329
SG_005706,0.29038554896245705
SG_005707,0.22480264796300328
SG_005713,0.09439314225711072
SG_005715,0.09468116527296291
SG_005719,0.1725364402819891
SG_005722,0.05651132600443933
SG_005724,0.183583681594809
SG_005725,0.15342837222958225
SG_005726,0.09530498629653308
SG_005730,0.26150808407798987
SG_005735,0.12426229278438021
SG_005736,0.25025043590095153
SG_005740,0.20626031378799237
SG_005748,0.20425061168244327
SG_005750,0.13445107719052796
SG_005753,0.17641648592778164
SG_005758,0.08635304340689635
SG_005759,0.1099593000246943
SG_005764,0.11417290070041282
SG_005765,0.07351691031873284
SG_005772,0.22493482600700868
SG_005773,0.0961509483265886
SG_005776,0.10898070114283176
SG_005778,0.20315713801610383
SG_005784,0.14208323535499462
SG_005786,0.13611969428750237
SG_005789,0.15796114728480115
SG_005794,0.13642721587673062
SG_005796,0.1251268622307487
SG_005801,0.13045792640620676
SG_005807,0.09348360002021393
SG_005809,0.1347801923176733
SG_005811,0.17575823746543592
SG_005813,0.10368758622017318
SG_005814,0.20011843627728698
SG_005817,0.10590383721219628
SG_005818,0.13330009528004072
SG_005820,0.09324146152502229
SG_005821,0.13657178925087315
SG_005824,0.08984959872303
SG_005825,0.1302868999597704
SG_005827,0.14790833077343396
SG_005828,0.18867561542997682
SG_005830,0.15327200115726355
SG_005838,0.2842683294975594
SG_005840,0.24179661931140856
SG_005842,0.16603792639951917
SG_005846,0.16809663861668428
SG_005847,0.10547421840076485
SG_005848,0.16244087452865785
SG_005857,0.2505949364766065
SG_005861,0.11574023783513117
SG_005862,0.15599611687887316
SG_005871,0.12663218888117603
SG_005872,0.24157159270251388
SG_005873,0.1098322214382748
SG_005874,0.12302662457146565
SG_005875,0.16369191822174267
SG_005877,0.12445778910338212
SG_005880,0.13389503110171647
SG_005884,0.14151364816245832
SG_005892,0.2973419198047921
SG_005894,0.1343329679064075
SG_005898,0.20430469817446575
SG_005899,0.1627946126087227
SG_005905,0.19074021781474743
SG_005909,0.10157727966585214
SG_005910,0.2475443439336286
SG_005920,0.1893509922750127
SG_005921,0.2565383954989443
SG_005922,0.14039798736748094
SG_005925,0.18920124587753118
SG_005928,0.14759120118884045
SG_005932,0.085723145359446
SG_005934,0.1938458505901226
SG_005935,0.14007133238800612
SG_005937,0.15786078891162839
SG_005939,0.12994212274773406
SG_005943,0.1813408796037504
SG_005951,0.11313399156185225
SG_005955,0.19599489407464094
SG_005959,0.2946177064715368
SG_005966,0.1669462598921279
SG_005967,0.3368020521807086
SG_005969,0.22677211564486766
SG_005976,0.32831210686938483
SG_005977,0.1951964640930366
SG_005979,0.20318684452108396
SG_005980,0.17835611850445027
SG_005985,0.23522962960003854
SG_005986,0.2718581415324477
SG_005991,0.31004756899616776
SG_005999,0.128636128131508
SG_006000,0.16846970151549057
SG_006004,0.22003585011749704
SG_006009,0.23085231267761622
SG_006012,0.14344729680691576
SG_006013,0.17517428146779984
SG_006022,0.12458303064931679
SG_006023,0.18840572150820617
SG_006026,0.1542626851677972
SG_006028,0.18131212717430262
SG_006029,0.1678587975383667
SG_006033,0.18131246618685332
SG_006035,0.10493429135488841
SG_006036,0.17524057605126758
SG_006038,0.2053894791459888
SG_006039,0.3098483345059496
SG_006041,0.11323550241586718
SG_006047,0.1770055101479856
SG_006049,0.14478931533600845
SG_006050,0.20085641054215286
SG_006054,0.10383678349354764
SG_006063,0.16588962585708059
SG_006067,0.2892861890350199
SG_006069,0.3066837108456665
SG_006073,0.10726292615162122
SG_006074,0.07664143031469342
SG_006075,0.11908767753943503
SG_006076,0.16446490415035175
SG_006077,0.2667816505304884
SG_006079,0.2900964481573666
SG_006081,0.10038401923768141
SG_006086,0.12103226872043978
SG_006092,0.1579582350517047
SG_006095,0.17916518931920986
SG_006097,0.25050087215433187
SG_006099,0.26892818761165904
SG_006101,0.15962643090931175
SG_006112,0.26038512757646126
SG_006122,0.15347841860294364
SG_006127,0.18955031264665317
SG_006131,0.10389521909389483
SG_006133,0.1401722888750448
SG_006136,0.20407492644040004
SG_006137,0.25713596265736366
SG_006140,0.19868902043084422
SG_006143,0.12932116765562932
SG_006148,0.12637411526958423
SG_006150,0.18685244406692053
SG_006151,0.1861213550135455
SG_006154,0.07542055370639254
SG_006161,0.13804410209537452
SG_006163,0.1850110787814696
SG_006169,0.1972930624049312
SG_006170,0.12666861519555286
SG_006179,0.17933999572669657
SG_006181,0.14848288480108318
SG_006184,0.10517126538212436
SG_006187,0.07940798159185315
SG_006189,0.18353664914929071
SG_006197,0.1171935081535683
SG_006202,0.10511263541148115
SG_006206,0.1700190617638179
SG_006212,0.18997740713361938
SG_006213,0.17275911565783636
SG_006218,0.14285382504784103
SG_006222,0.18136453782539283
SG_006224,0.13454713637771148
SG_006225,0.36851752694428774
SG_006226,0.33872033360337606
SG_006229,0.1075153659351638
SG_006237,0.19500285948433876
SG_006238,0.053297322772280796
SG_006240,0.07217598600424349
SG_006241,0.15923734169981554
SG_006242,0.15093994944100717
SG_006244,0.28080039778472426
SG_006245,0.10808023031931875
SG_006247,0.20086713311398144
SG_006250,0.10797314814353169
SG_006251,0.13746568526060732
SG_006252,0.17976613002163036
SG_006254,0.16640784028406816
SG_006256,0.23542162920645407
SG_006260,0.18878327636398953
SG_006262,0.1836816174755965
SG_006263,0.10727019898519959
SG_006264,0.12524466325103634
SG_006266,0.31591755969756163
SG_006269,0.24414875664284086
SG_006275,0.340532019682953
SG_006277,0.11193193158332145
SG_006283,0.1356103207874842
SG_006284,0.12066439541553213
SG_006287,0.17173092897476305
SG_006288,0.10147351190128329
SG_006300,0.1961381080941288
SG_006301,0.11761184392064043
SG_006304,0.18884178528937462
SG_006306,0.13877708260356347
SG_006313,0.1889660689040463
SG_006315,0.1513800148831835
SG_006317,0.185367219584102
SG_006320,0.16312265967738168
SG_006322,0.30852262750732284
SG_006326,0.13263704701439996
SG_006328,0.209781473049512
SG_006331,0.1404758517790001
SG_006337,0.21713164780551955
SG_006340,0.16202096722787523
SG_006345,0.20653965074650346
SG_006348,0.09109560454412957
SG_006349,0.12141400879088746
SG_006356,0.16449425480449004
SG_006357,0.14012742349822443
SG_006358,0.18812964666038473
SG_006360,0.22407260498427678
SG_006371,0.16424442896942945
SG_006373,0.20801078820747043
SG_006380,0.15118659147934052
SG_006382,0.1335137606344136
SG_006388,0.06651721924921372
SG_006393,0.13214859699806938
SG_006394,0.084790582755214
SG_006396,0.0812315623633845
SG_006398,0.1456368980024941
SG_006400,0.1520060543682254
SG_006403,0.10494546108709242
SG_006404,0.1069683878630471
SG_006411,0.1638796579769669
SG_006417,0.17226299319518987
SG_006418,0.20239096619927718
SG_006420,0.2541186166835023
SG_006421,0.12192022941912697
SG_006423,0.12258584510457726
SG_006424,0.1859315591411238
SG_006429,0.18480287096520762
SG_006435,0.13341657594681786
SG_006438,0.15424752814345988
SG_006439,0.2352102091306552
SG_006441,0.07387516812676911
SG_006445,0.1401815498826506
SG_006446,0.17244712962689662
SG_006448,0.15952973370088958
SG_006451,0.08932290747151517
SG_006452,0.1665964737107179
SG_006455,0.17569230168418387
SG_006463,0.209147533812638
SG_006467,0.16250468044424857
SG_006469,0.164635885564625
SG_006470,0.13889137428014345
SG_006477,0.17399694567352547
SG_006480,0.28715097658515976
SG_006486,0.09971702978913839
SG_006487,0.13438930045731606
SG_006488,0.22390156512727244
SG_006490,0.22734835872795242
SG_006491,0.26680731871967905
SG_006493,0.1960309235247248
SG_006494,0.16005671593368018
SG_006496,0.11101078490347467
SG_006497,0.23930234517807997
SG_006498,0.19835944066516722
SG_006500,0.1951181303392971
SG_006502,0.0942797877141701
SG_006503,0.1758960661432465
SG_006505,0.2896611394193443
SG_006506,0.1967681390727422
SG_006507,0.1554624686244425
SG_006512,0.10104202418495509
SG_006516,0.15491376851980015
SG_006520,0.10631105142491652
SG_006522,0.1435132820402955
SG_006528,0.2137993049918155
SG_006534,0.15007552162101834
SG_006535,0.1706576143699091
SG_006536,0.2061363864935776
SG_006537,0.15711678434280069
SG_006539,0.18516083007036957
SG_006541,0.1731518569837088
SG_006543,0.24429839057543537
SG_006545,0.21969404665950867
SG_006548,0.1698259073257569
SG_006550,0.09519237742136918
SG_006551,0.11541562537871086
SG_006557,0.16296409251951344
SG_006560,0.1042061671678161
SG_006564,0.3377574292818487
SG_006566,0.15021422293041953
SG_006567,0.1762128908634926
SG_006577,0.13858870768480291
SG_006579,0.1428046963049303
SG_006581,0.0859346599323638
SG_006588,0.10868342249274539
SG_006592,0.20517820482818522
SG_006597,0.0854809868013882
SG_006601,0.13034785107329525
SG_006607,0.09903221821455171
SG_006608,0.1290357585107545
SG_006610,0.12562057969611726
SG_006615,0.16633074351924979
SG_006616,0.1321241363169856
SG_006620,0.16826543956773637
SG_006622,0.15581652666046772
SG_006623,0.14735285229202458
SG_006624,0.14308807314172434
SG_006626,0.19869781453107307
SG_006627,0.2960152172029897
SG_006633,0.1252213233942822
SG_006637,0.21952924009804234
SG_006638,0.30179094959527086
SG_006639,0.22626642356336363
SG_006644,0.16377025090823052
SG_006645,0.2315421995864297
SG_006651,0.18105567507384643
SG_006659,0.20527268980777733
SG_006664,0.10337465546580007
SG_006668,0.13617307697523723
SG_006673,0.12582468718561096
SG_006687,0.12632582764014907
SG_006688,0.17469745508079895
SG_006690,0.202191205607943
SG_006693,0.18932195051931378
SG_006698,0.0897477104224838
SG_006700,0.16221152423156632
SG_006706,0.21331041405119358
SG_006710,0.11460771515865256
SG_006713,0.1436364474354213
SG_006716,0.16516622469665818
SG_006728,0.1404495486809265
SG_006734,0.24494065897589476
SG_006736,0.20197634763067757
SG_006744,0.16407515949168155
SG_006745,0.12990923659408293
SG_006749,0.1126550043372628
SG_006758,0.11951883409816608
SG_006760,0.15077424365913666
SG_006765,0.22281455916498566
SG_006766,0.2730262298504823
SG_006769,0.22318147991961013
SG_006778,0.14911351334298534
SG_006780,0.12897846075860886
SG_006781,0.13666569715666396
SG_006786,0.19971278492655814
SG_006789,0.138056444619993
SG_006792,0.1651567915656716
SG_006793,0.12126362381673646
SG_006800,0.25482351761579514
SG_006802,0.14839493835875106
SG_006808,0.1603164946715211
SG_006820,0.14378503787137156
SG_006833,0.1204334627575526
SG_006835,0.18476020620503447
SG_006837,0.1704364172602439
SG_006841,0.15743476206186618
SG_006847,0.13937469128258415
SG_006848,0.13391205683198293
SG_006851,0.12142749747598061
SG_006852,0.21832944124968762
SG_006860,0.12535477226414077
SG_006861,0.1332545961837422
SG_006863,0.11051076051913833
SG_006866,0.19573301524110898
SG_006868,0.18026511162592382
SG_006874,0.14424202194886943
SG_006877,0.13463603130262963
SG_006879,0.16946693442156577
SG_006880,0.13103745478725803
SG_006881,0.21055366689850294
SG_006889,0.05263637559873839
SG_006890,0.2568338953894736
SG_006897,0.2952336827844976
SG_006901,0.21946333915787122
SG_006908,0.148104879816493
SG_006910,0.14601163383532317
SG_006914,0.23059356791626
SG_006918,0.1602746940307441
SG_006924,0.11527676531027116
SG_006925,0.23236418752421
SG_006927,0.14049210724434297
SG_006929,0.1670249377285797
SG_006937,0.2180136379721731
SG_006938,0.11102635186994667
SG_006940,0.176686604783153
SG_006942,0.1194768947651104
SG_006945,0.09384721739774742
SG_006949,0.1687839856750387
SG_006950,0.24489530938265086
SG_006951,0.1840294378830772
SG_006953,0.09789097373477387
SG_006954,0.16757204223412614
SG_006956,0.20573472668589052
SG_006957,0.296242714709421
SG_006962,0.13557743706897019
SG_006963,0.0982467864827348
SG_006964,0.15149878522489554
SG_006966,0.07382128044839241
SG_006970,0.16898550883633434
SG_006971,0.25732213012600047
SG_006972,0.14569743722944017
SG_006974,0.3343105369223402
SG_006977,0.1752400675402576
SG_006978,0.09446244878443742
SG_006981,0.2939568343125375
SG_006982,0.4295268238227002
SG_006983,0.08261719239840784
SG_006984,0.10624201607492664
SG_006987,0.18365205875759177
SG_006994,0.12101796809486069
SG_006997,0.07876743465945962
SG_007002,0.18381688000952015
SG_007005,0.23429626171870802
SG_007009,0.18839176673882085
SG_007011,0.25841682692901863
SG_007017,0.08153466183910663
SG_007018,0.07936929819541652
SG_007019,0.10482450006668327
SG_007029,0.202084892829909
SG_007030,0.08609448654746218
SG_007033,0.2284103326973977
SG_007040,0.11302575037548852
SG_007047,0.23850503054154584
SG_007054,0.11310548209140747
SG_007055,0.2523033822192993
SG_007056,0.18530721693194369
SG_007061,0.18979963264838226
SG_007062,0.12968701790374207
SG_007067,0.18818239440545523
SG_007068,0.1376153042387637
SG_007069,0.2085272474016687
SG_007073,0.12889660331615735
SG_007075,0.20065668121687175
SG_007076,0.13491106042827386
SG_007078,0.20296769898202846
SG_007080,0.18927584331413821
SG_007091,0.15860565413773348
SG_007095,0.17406113072957993
SG_007100,0.15993128217594388
SG_007104,0.18489887638723643
SG_007112,0.1524820655017798
SG_007114,0.22317086192703828
SG_007127,0.1128380446623456
SG_007130,0.11030044722733585
SG_007133,0.24172923355455017
SG_007136,0.13013320082847304
SG_007138,0.2496925422229052
SG_007139,0.11121636363153486
SG_007143,0.1802987118015057
SG_007146,0.11903590307766562
SG_007150,0.12360344043963459
SG_007155,0.203794772491871
SG_007157,0.22094041781298732
SG_007160,0.2431703119199032
SG_007162,0.12249591115469652
SG_007163,0.24217586556284995
SG_007166,0.23508635040457732
SG_007168,0.14999217246066726
SG_007170,0.14700320744633344
SG_007179,0.12205579694760238
SG_007181,0.1049458173993427
SG_007183,0.18869269167022346
SG_007186,0.09842641750198253
SG_007202,0.12160769103172615
SG_007203,0.23842938624930782
SG_007204,0.12461997013273551
SG_007205,0.20211973754147222
SG_007210,0.27259209373643184
SG_007212,0.17692773956206603
SG_007215,0.11401908293584846
SG_007218,0.1939979092292369
SG_007226,0.1102419179931261
SG_007229,0.14378282259050285
SG_007231,0.1738482296809205
SG_007234,0.13671550068690513
SG_007237,0.3201338176812264
SG_007239,0.07820257869358194
SG_007240,0.218944014636818
SG_007249,0.26565431530474637
SG_007252,0.08805168405446062
SG_007255,0.14241948295346202
SG_007256,0.16711640142227574
SG_007257,0.23840128098823787
SG_007263,0.2022303749122746
SG_007264,0.09823519632270286
SG_007265,0.1426588168657656
SG_007268,0.13404852692007146
SG_007271,0.20076466271068938
SG_007275,0.14907838015344277
SG_007280,0.14616187919377263
SG_007281,0.2607671292248048
SG_007282,0.16120365950068766
SG_007283,0.09657750195254662
SG_007287,0.15526515427407567
SG_007288,0.20405640156636712
SG_007301,0.2499185911410892
SG_007307,0.16921407769940008
SG_007310,0.14073437740596256
SG_007312,0.21195194643587265
SG_007314,0.2243835940731589
SG_007319,0.1330584420912897
SG_007326,0.11882686166674197
SG_007331,0.11130705225989497
SG_007333,0.21968524804177325
SG_007334,0.2395883431213249
SG_007338,0.09339502220898915
SG_007340,0.2941615575581032
SG_007345,0.10185452847967869
SG_007349,0.16793861527377257
SG_007356,0.12014386924270688
SG_007358,0.04931546477413286
SG_007368,0.12677471264114598
SG_007370,0.1307912334820696
SG_007371,0.1586392659907255
SG_007372,0.15602926155462285
SG_007375,0.11582359014083665
SG_007378,0.11791704614877412
SG_007379,0.11220094093848867
SG_007380,0.1898838310949192
SG_007383,0.09876603964459948
SG_007384,0.16208039059736484
SG_007389,0.16543170343252947
SG_007390,0.10808310885924458
SG_007401,0.26223854837812277
SG_007403,0.2014266262815807
SG_007406,0.12715022731834985
SG_007409,0.28482142093299345
SG_007410,0.20785600802778442
SG_007413,0.1854659211376159
SG_007416,0.17050901156122983
SG_007419,0.15268323257584068
SG_007420,0.2258393432575855
SG_007423,0.2548535016516702
SG_007424,0.2977278893350044
SG_007428,0.22045327832419184
SG_007433,0.16994531698318727
SG_007434,0.13096253950072326
SG_007437,0.1541194609669853
SG_007441,0.204304931799055
SG_007443,0.24242665322881138
SG_007450,0.08941372871862595
SG_007452,0.2434545920394971
SG_007455,0.11783847926544358
SG_007462,0.1359352642214928
SG_007464,0.2194230664589915
SG_007466,0.13366426501400094
SG_007469,0.11761352677287015
SG_007470,0.3799171458385092
SG_007472,0.10789202304212783
SG_007476,0.2429136346193196
SG_007486,0.23935541448854708
SG_007489,0.21293742352875705
SG_007490,0.15774728678583136
SG_007495,0.26475373521945944
SG_007499,0.1987294327602554
SG_007506,0.07214917690179896
SG_007508,0.1518476699112495
SG_007509,0.08882148144853921
SG_007517,0.17363451086266277
SG_007518,0.2145961591475504
SG_007522,0.22265219323721985
SG_007524,0.19504562567911415
SG_007527,0.07554504962401372
SG_007535,0.1384523270023951
SG_007540,0.22440282159440783
SG_007546,0.14572166588487392
SG_007552,0.14318028057786686
SG_007553,0.19118097116324514
SG_007557,0.1662022806234385
SG_007558,0.21581340557747017
SG_007560,0.23290745740844004
SG_007568,0.0915071831576268
SG_007571,0.25128357998529094
SG_007573,0.12991154031366603
SG_007577,0.12427300403561366
SG_007578,0.1446889780092943
SG_007579,0.07313540926744845
SG_007582,0.237722789940387
SG_007586,0.12393292315160535
SG_007587,0.2245798498388881
SG_007589,0.15727255496721954
SG_007591,0.08940116119756474
SG_007595,0.1525931438970966
SG_007597,0.15719083224000246
SG_007599,0.169927948380698
SG_007602,0.18262601989829969
SG_007605,0.07604916691517352
SG_007609,0.12068690671278355
SG_007614,0.23205290750116658
SG_007620,0.14349085323975613
SG_007628,0.24943908103351492
SG_007630,0.19999822687242289
SG_007646,0.17273124458326067
SG_007648,0.11062001951014948
SG_007654,0.16090202412886084
SG_007655,0.18897801766173944
SG_007656,0.3760557066750647
SG_007657,0.2671657000154129
SG_007658,0.13601296499741594
SG_007659,0.24242250343876476
SG_007660,0.14888105552376968
SG_007663,0.1724099122075011
SG_007665,0.32060295557901747
SG_007667,0.13836646398843827
SG_007670,0.1697196639067019
SG_007678,0.11114872854908064
SG_007679,0.3570608364233169
SG_007681,0.09936644797521361
SG_007685,0.1505164251756092
SG_007686,0.28905086236462907
SG_007687,0.15794099744050455
SG_007688,0.1424938412741542
SG_007691,0.1011840069109182
SG_007696,0.12360546863983934
SG_007698,0.11477500315213243
SG_007700,0.23591870396609393
SG_007703,0.13222228734752234
SG_007704,0.14198406310595243
SG_007706,0.26386210600253795
SG_007711,0.16831943092518756
SG_007712,0.21026141783725616
SG_007714,0.10395630930401675
SG_007717,0.23293790261216413
SG_007719,0.1787276132930526
SG_007720,0.1316959422726792
SG_007721,0.16291660267719446
SG_007728,0.14072124985178813
SG_007737,0.22664374268274842
SG_007741,0.1418139630578623
SG_007742,0.12962655858158506
SG_007744,0.1235486287797836
SG_007746,0.24089715920932692
SG_007748,0.14537628139783057
SG_007750,0.09123851313365411
SG_007751,0.10701156546847215
SG_007752,0.0957573643753228
SG_007758,0.307821657062474
SG_007760,0.15761464447545473
SG_007762,0.26755311428246864
SG_007770,0.14205252102530844
SG_007772,0.24034696957703092
SG_007776,0.10722817459648708
SG_007780,0.201016276232339
SG_007781,0.15621047380887024
SG_007782,0.11386578961140434
SG_007787,0.17172707501912093
SG_007800,0.24791811639702171
SG_007801,0.21124505469380725
SG_007804,0.0945372310495812
SG_007805,0.2177099433997805
SG_007807,0.19748300868661953
SG_007808,0.2881683592217513
SG_007813,0.19494633585131316
SG_007815,0.06837631490642251
SG_007817,0.17879228946074907
SG_007818,0.15557183134011265
SG_007820,0.17216000780282015
SG_007822,0.2093174833384499
SG_007823,0.1577318123773525
SG_007824,0.16499283642092336
SG_007834,0.1577722657490142
SG_007836,0.09662095990206743
SG_007839,0.11458341500898392
SG_007842,0.05619008845791303
SG_007844,0.1413413477161532
SG_007846,0.06421046165240776
SG_007849,0.1022329451026041
SG_007858,0.19974169832885613
SG_007864,0.23636805738272618
SG_007866,0.14798403851103648
SG_007875,0.18771092764119962
SG_007876,0.1621096491377391
SG_007880,0.18192849538366013
SG_007884,0.2144144079396945
SG_007889,0.22330567774563978
SG_007892,0.18305770255703918
SG_007897,0.11056647195591238
SG_007898,0.14169667865389418
SG_007899,0.12318910736991753
SG_007901,0.19129514573245515
SG_007908,0.23120731747318435
SG_007910,0.19686603378071948
SG_007922,0.1336223530027199
SG_007923,0.13545004095634294
SG_007926,0.1977236066386327
SG_007931,0.1879316211922945
SG_007933,0.20991974965203486
SG_007939,0.25101177867140184
SG_007940,0.14529236400728895
SG_007946,0.11933585632141663
SG_007947,0.13609206706852076
SG_007948,0.15776958300182806
SG_007954,0.07301336882562207
SG_007957,0.09726514487451508
SG_007960,0.2538637609226341
SG_007964,0.13988392303187758
SG_007965,0.16684482078635401
SG_007980,0.24578432284798496
SG_007985,0.14435510667542292
SG_007992,0.1450597246205617
SG_007996,0.16313068319106677
SG_007998,0.11963158955665135
SG_007999,0.1139581667828059
SG_008014,0.12864662522001616
SG_008015,0.1651322894039037
SG_008020,0.184242151404092
SG_008026,0.16926205125203056
SG_008033,0.1391687851714602
SG_008043,0.16671708008918357
SG_008050,0.13934789013485
SG_008055,0.14984526113669858
SG_008056,0.23462014992810398
SG_008058,0.2243773135405716
SG_008067,0.1298264628917732
SG_008074,0.20875912065529761
SG_008076,0.15958286146193795
SG_008081,0.21375161003003598
SG_008091,0.0990454201405486
SG_008099,0.12005064888193395
SG_008100,0.19757260513018507
SG_008101,0.12382264098440995
SG_008104,0.18418221785122407
SG_008115,0.2579824575443431
SG_008117,0.11223183970572528
SG_008118,0.26143460114680706
SG_008127,0.1651783065786499
SG_008131,0.17401766804370072
SG_008133,0.17277962707808156
SG_008137,0.18021936365350374
SG_008140,0.2264958366880816
SG_008141,0.20355580024306769
SG_008145,0.09511130825682505
SG_008152,0.09039216405299814
SG_008156,0.21237382922212616
SG_008160,0.18176670239670434
SG_008164,0.21704679310998998
SG_008167,0.20337884769936787
SG_008175,0.1594268236934914
SG_008176,0.26746894810305716
SG_008183,0.2543106191528652
SG_008188,0.17168301866044974
SG_008191,0.13036270465775512
SG_008192,0.18655716489354995
SG_008193,0.09524395817263565
SG_008195,0.27090052205110265
SG_008202,0.17636206153990003
SG_008213,0.1900452321270304
SG_008217,0.2947225087686813
SG_008224,0.10685137108988918
SG_008228,0.17657391027164998
SG_008229,0.11493048316666332
SG_008237,0.10898132656813027
SG_008242,0.09511928282956425
SG_008246,0.178041035841738
SG_008248,0.1216104566914404
SG_008249,0.2574722609525414
SG_008253,0.18948706851244196
SG_008257,0.18618856057706995
SG_008261,0.22661759737860104
SG_008264,0.20883013791131516
SG_008265,0.15370425305972857
SG_008281,0.13949115564555545
SG_008283,0.14965860070825912
SG_008287,0.10469463407648086
SG_008291,0.2812767528080563
SG_008293,0.17171737134811654
SG_008294,0.1425166164394149
SG_008296,0.19119821172202972
SG_008298,0.20554296789291363
SG_008309,0.2609157293928619
SG_008310,0.1524777918233053
SG_008312,0.12579688468876724
SG_008316,0.18322502302664417
SG_008317,0.0773775466177857
SG_008318,0.11645676275336148
SG_008327,0.06196482631080489
SG_008330,0.16148297643026066
SG_008333,0.04967820174069402
SG_008336,0.2009967724117309
SG_008345,0.1395999320448753
SG_008347,0.11158859993468329
SG_008355,0.2530485586830154
SG_008358,0.20864215912908066
SG_008359,0.24269124218366325
SG_008360,0.14758148889368633
SG_008361,0.11694234526337624
SG_008362,0.2714830936331319
SG_008365,0.17160975410154525
SG_008366,0.23465172632088707
SG_008375,0.14148055984869448
SG_008376,0.19583794825771147
SG_008382,0.12077242500587052
SG_008383,0.1912888563243216
SG_008388,0.20599128075963186
SG_008389,0.2505464700420861
SG_008392,0.1180377585248277
SG_008396,0.12104168960516223
SG_008402,0.15116688606193995
SG_008410,0.11609610281883102
SG_008413,0.23987470987599374
SG_008417,0.18496862099918499
SG_008420,0.3225324395551674
SG_008422,0.16742916496383475
SG_008435,0.21695388557151687
SG_008440,0.09418146437917266
SG_008441,0.21254365190857372
SG_008442,0.14367541369380996
SG_008443,0.16429507790160652
SG_008444,0.14747904065560502
SG_008449,0.1861382514621584
SG_008452,0.23125705827247703
SG_008457,0.21583776123136716
SG_008459,0.24927872585330452
SG_008462,0.213669889553816
SG_008467,0.2597887315556518
SG_008468,0.16049952947329033
SG_008478,0.10616582137648475
SG_008482,0.2434733036795481
SG_008484,0.2671486769750717
SG_008485,0.19920470529443302
SG_008494,0.16974599040119467
SG_008497,0.1273516267299309
SG_008498,0.13642601929446366
SG_008500,0.22358313756597062
SG_008501,0.19203420226462745
SG_008504,0.10667977004407277
SG_008506,0.247680105294593
SG_008512,0.22200083929356587
SG_008514,0.3152067181201565
SG_008517,0.17435303670543095
SG_008522,0.1650370937088991
SG_008527,0.16601812761685475
SG_008529,0.1654141555240245
SG_008531,0.05290669492701946
SG_008534,0.3546506451123649
SG_008535,0.19247143380688966
SG_008536,0.1335930188284702
SG_008538,0.1776723342433067
SG_008541,0.10938640518693096
SG_008542,0.1866308674143826
SG_008545,0.254558092989377
SG_008547,0.14149608875315137
SG_008549,0.23980443161747847
SG_008550,0.15555196074173663
SG_008551,0.16897542059934548
SG_008553,0.14364684727840626
SG_008555,0.13363921001975052
SG_008557,0.16958078853688416
SG_008561,0.1204008215742178
SG_008564,0.1305425827078638
SG_008565,0.2871055578696951
SG_008568,0.14377700331936366
SG_008569,0.1934930729007951
SG_008570,0.16564314518945195
SG_008572,0.10660782522041864
SG_008574,0.18954007163298128
SG_008575,0.20294172974443225
SG_008576,0.07045669318532613
SG_008577,0.18276531511036204
SG_008580,0.10860816175715297
SG_008586,0.17478743037150984
SG_008594,0.21228135161302716
SG_008598,0.10700993390686213
SG_008600,0.24299077489576537
SG_008614,0.15003932517162075
SG_008615,0.20908086717673643
SG_008617,0.1052552030449718
SG_008624,0.2101787001321509
SG_008630,0.2261056040811867
SG_008635,0.10773371185205223
SG_008636,0.07234165404885677
SG_008639,0.26133162285911743
SG_008645,0.13881374519255602
SG_008646,0.11255971228837065
SG_008650,0.22495094991738518
SG_008653,0.2720073008866252
SG_008669,0.2510298199647292
SG_008671,0.2017511138198913
SG_008689,0.22988162010424337
SG_008691,0.22305304812607313
SG_008693,0.20465199108264595
SG_008708,0.12891845306225466
SG_008714,0.2112560992491686
SG_008726,0.1435017310846677
SG_008727,0.29506706393882914
SG_008729,0.11755945286390723
SG_008734,0.26853081289559955
SG_008735,0.18796928200876026
SG_008737,0.2832408783157823
SG_008739,0.07461720925082356
SG_008745,0.32973021683594805
SG_008749,0.08980942143919574
SG_008755,0.18817393737100008
SG_008759,0.16100708153036913
SG_008766,0.17321553947570706
SG_008769,0.15876005171625648
SG_008770,0.20088474731146583
SG_008771,0.10686469586944855
SG_008773,0.20830337943253205
SG_008774,0.22713427954228854
SG_008776,0.07926801287677643
SG_008777,0.18252179718732828
SG_008780,0.16828236327088586
SG_008782,0.21735004604206445
SG_008784,0.14453029445095972
SG_008785,0.14770675203844702
SG_008787,0.13070883075449358
SG_008789,0.20737605926238775
SG_008793,0.1905730758784784
SG_008798,0.1272562265862371
SG_008810,0.21558930084753009
SG_008816,0.2703760140756874
SG_008823,0.2596049995721291
SG_008824,0.09398044250298587
SG_008825,0.22079293052327661
SG_008828,0.157683754515812
SG_008836,0.10771366205327011
SG_008839,0.17740204015420608
SG_008840,0.060216761382247484
SG_008841,0.1121567848954748
SG_008843,0.17133917896630915
SG_008844,0.20540530962391546
SG_008845,0.3105202513865751
SG_008849,0.12444670268096629
SG_008850,0.10267887758523057
SG_008853,0.23562111429333873
SG_008855,0.12747639641876019
SG_008859,0.19342628136004628
SG_008862,0.12826922916187505
SG_008864,0.1286812632279261
SG_008865,0.1251885407738181
SG_008866,0.0519074719653839
SG_008867,0.36703620301793793
SG_008869,0.26872940170854975
SG_008876,0.18485035924970955
SG_008881,0.18158628857508557
SG_008883,0.155348762071468
SG_008888,0.0863296504041365
SG_008889,0.2806466713612685
SG_008895,0.1700546595885134
SG_008897,0.14389267554838417
SG_008901,0.16089929598726233
SG_008905,0.1006009898201202
SG_008907,0.09980018943739169
SG_008908,0.10242725470906144
SG_008910,0.1486031917718518
SG_008913,0.2356419991110143
SG_008914,0.08762681614693377
SG_008917,0.14181360909532179
SG_008919,0.13962695223100596
SG_008920,0.2389637224994603
SG_008925,0.15792449364234315
SG_008926,0.21549959149272985
SG_008927,0.09638932885092574
SG_008930,0.1636679715816333
SG_008932,0.11806764280160306
SG_008934,0.19663143631933844
SG_008937,0.14370277593018624
SG_008940,0.14176098258629757
SG_008943,0.1433820093547308
SG_008947,0.10948562417709873
SG_008955,0.21355870515284187
SG_008960,0.2563081398228569
SG_008962,0.10176135713946785
SG_008964,0.10640014151606451
SG_008965,0.06392253637803609
SG_008966,0.09435662355280663
SG_008971,0.11815286684316258
SG_008972,0.08307939994323452
SG_008976,0.19568828533684937
SG_008978,0.10492983463597753
SG_008983,0.12948453523645503
SG_008989,0.3527312480550927
SG_008990,0.12408976455492335
SG_008994,0.19491962051398182
SG_008996,0.23973075402005337
SG_008998,0.0810199837453287
SG_008999,0.10771859699901891
SG_009001,0.21767776828463034
SG_009005,0.15350995669857243
SG_009006,0.14061439602965933
SG_009011,0.19640516701343586
SG_009017,0.14944556340172874
SG_009018,0.14479596601415495
SG_009032,0.13774882672166097
SG_009034,0.13668499680283913
SG_009043,0.20399260404711242
SG_009047,0.1348153859183742
SG_009048,0.16400052868887677
SG_009053,0.10080451529278064
SG_009055,0.2198597184330328
SG_009058,0.13413650530942928
SG_009063,0.25245206251425045
SG_009064,0.20537455678428085
SG_009065,0.24653794984403668
SG_009069,0.13851433468872082
SG_009070,0.13139751513963263
SG_009072,0.18129982719005713
SG_009075,0.15560689421447174
SG_009079,0.14104630372941926
SG_009080,0.23153006010540284
SG_009081,0.12002775753974886
SG_009083,0.11336612179237866
SG_009085,0.11381475389455731
SG_009091,0.23462774827199812
SG_009093,0.09906106974399188
SG_009100,0.09910774761193883
SG_009109,0.18067853658703065
SG_009115,0.20904813628382785
SG_009119,0.14529654009475124
SG_009120,0.2290569440120389
SG_009123,0.20187250409096777
SG_009124,0.1886046826871091
SG_009127,0.14088634329574662
SG_009128,0.11663845247852205
SG_009135,0.2128923896571473
SG_009136,0.2400714513373193
SG_009139,0.1327152180036854
SG_009146,0.35408471471644937
SG_009147,0.21077858064926264
SG_009149,0.08086959246825608
SG_009150,0.20109321364721572
SG_009152,0.32102215765331643
SG_009153,0.15814202388118423
SG_009159,0.21432803871801404
SG_009168,0.26112869646057735
SG_009169,0.28519138834023644
SG_009170,0.10007845060010227
SG_009172,0.09078258695511517
SG_009176,0.13704096713364827
SG_009179,0.16654725714740903
SG_009183,0.22544992165555605
SG_009193,0.19861400901785328
SG_009196,0.21677469384861467
SG_009199,0.09199329915833929
SG_009202,0.21587385101181783
SG_009203,0.08041134082392527
SG_009204,0.10025892388831899
SG_009206,0.1124618241998151
SG_009207,0.24463303219858892
SG_009209,0.12997751309829422
SG_009210,0.2135242178338516
SG_009214,0.24159012176866193
SG_009220,0.1808900987090126
SG_009223,0.16435439502405855
SG_009224,0.1544244078747646
SG_009225,0.11822219593221854
SG_009226,0.3169192564775326
SG_009229,0.10773371199411334
SG_009230,0.2530582874631092
SG_009236,0.1873328710213825
SG_009242,0.10726455306667397
SG_009246,0.23882191364896568
SG_009250,0.21758589084092125
SG_009253,0.2642765737993658
SG_009266,0.24476683991372586
SG_009268,0.18974338646925734
SG_009272,0.22166202624735698
SG_009273,0.10818988500483977
SG_009274,0.1329998053194375
SG_009277,0.18642882719490078
SG_009278,0.2694438143309655
SG_009279,0.18159083536657997
SG_009280,0.17824290400848497
SG_009281,0.1740874759853012
SG_009289,0.20054441502430698
SG_009290,0.27513209048528153
SG_009299,0.13453451648333337
SG_009300,0.13205142145312132
SG_009305,0.11034913556597206
SG_009307,0.1729899704550612
SG_009319,0.10568497369580551
SG_009328,0.09569360499076252
SG_009333,0.13711116901079862
SG_009335,0.15347255985829905
SG_009341,0.13489421548436523
SG_009347,0.12137792345410174
SG_009354,0.1724909109407544
SG_009355,0.3310915690842055
SG_009357,0.14077967459482973
SG_009362,0.2582949297524297
SG_009363,0.26243686046138787
SG_009365,0.12183733013234883
SG_009366,0.2728301081910992
SG_009367,0.1554532395587776
SG_009370,0.2778332670243134
SG_009386,0.16518742853058313
SG_009392,0.09711820298555401
SG_009398,0.10755842327752108
SG_009400,0.14959605800918047
SG_009402,0.23304546907687693
SG_009403,0.16774509682704575
SG_009404,0.11134213321559647
SG_009406,0.157582523266584
SG_009407,0.26537529834071905
SG_009408,0.1104907485484975
SG_009409,0.11260882242218848
SG_009410,0.2461043972710896
SG_009411,0.137200899777053
SG_009412,0.11161584326951086
SG_009413,0.07321080674332181
SG_009415,0.1750750746370414
SG_009417,0.203647465660789
SG_009419,0.1169966801836976
SG_009425,0.19607355923831363
SG_009426,0.12172924024764424
SG_009427,0.1541105485420377
SG_009429,0.06520954941223042
SG_009434,0.221281770323363
SG_009438,0.11337179111001812
SG_009441,0.17477253410139662
SG_009442,0.11046359499821293
SG_009444,0.1978119302533222
SG_009445,0.17281207649917923
SG_009446,0.12899481143917085
SG_009447,0.10611984603918725
SG_009449,0.1549006192363892
SG_009455,0.17810028288714613
SG_009458,0.2028306801778373
SG_009461,0.32189221715956434
SG_009462,0.23985155490108406
SG_009466,0.1558314034443512
SG_009473,0.14462995181330895
SG_009478,0.1929792700153398
SG_009479,0.1780586337950943
SG_009481,0.16667293891987617
SG_009485,0.09717832647070326
SG_009490,0.24014820950750093
SG_009496,0.11432550887424253
SG_009500,0.11205811568114632
SG_009502,0.3008713135030928
SG_009504,0.2631778623420331
SG_009505,0.17977628276972224
SG_009516,0.10219172280529494
SG_009518,0.22308783141960808
SG_009519,0.20277737467858267
SG_009528,0.16615898775025575
SG_009529,0.11817148958451944
SG_009530,0.11383181426993486
SG_009533,0.22579970490550033
SG_009537,0.1190407664114882
SG_009539,0.09460094209672633
SG_009540,0.16028698768360955
SG_009541,0.1856280600846599
SG_009544,0.12848871382942328
SG_009556,0.13029510998002797
SG_009558,0.19460633375850048
SG_009566,0.11388009980548712
SG_009567,0.14745282641976204
SG_009569,0.0920358663682431
SG_009573,0.1465249767682056
SG_009577,0.08736340600867368
SG_009581,0.15229859893831094
SG_009582,0.1797490501944238
SG_009584,0.13517381541523862
SG_009585,0.2101617897326904
SG_009589,0.1535266877212296
SG_009592,0.1667264212486571
SG_009593,0.20057540561471923
SG_009602,0.1463979138377044
SG_009614,0.147067546550943
SG_009616,0.25224881969494806
SG_009618,0.2372379515987761
SG_009619,0.0933947572573344
SG_009620,0.17060413802193966
SG_009622,0.12377684714241322
SG_009630,0.16067616014515024
SG_009632,0.12248304762727921
SG_009639,0.11629455258613024
SG_009649,0.2494398019005896
SG_009651,0.20464256406337472
SG_009661,0.08121995046430644
SG_009670,0.12846140624358732
SG_009671,0.14208246921377765
SG_009679,0.21611976585136977
SG_009681,0.11356129981705916
SG_009683,0.13304966142030408
SG_009687,0.25122425776483304
SG_009690,0.18706294798203088
SG_009691,0.35645826457150187
SG_009694,0.16662277792483524
SG_009696,0.3020833534406265
SG_009701,0.24263460391030317
SG_009702,0.09512800655609314
SG_009707,0.119492352676374
SG_009716,0.12044167183160255
SG_009718,0.20821333280881144
SG_009727,0.1426954045777376
SG_009736,0.14761747040509315
SG_009741,0.12786365961941934
SG_009744,0.17425327854216094
SG_009746,0.12328472687290686
SG_009747,0.2096724457087264
SG_009751,0.16173334703282793
SG_009754,0.21237541060486342
SG_009757,0.10229889887505336
SG_009759,0.19734642101386263
SG_009760,0.20375110886323683
SG_009762,0.13470205860781434
SG_009763,0.12458613177441583
SG_009766,0.15487906987488934
SG_009776,0.1524450503784618
SG_009778,0.24685956391876354
SG_009780,0.3067494484740644
SG_009782,0.3543142338724918
SG_009783,0.1165291967531263
SG_009785,0.19744839601176195
SG_009786,0.26337140472170245
SG_009791,0.1652907483743538
SG_009794,0.12968875302655639
SG_009795,0.18640447558374174
SG_009799,0.19398117224172373
SG_009800,0.26215523292042325
SG_009814,0.25869137549318494
SG_009819,0.14252243882241303
SG_009824,0.12054836899008063
SG_009825,0.25878369563947357
SG_009829,0.26815799311724403
SG_009834,0.1845512276601145
SG_009837,0.18149886648772745
SG_009838,0.16313844835003383
SG_009843,0.15990256268982903
SG_009845,0.1684580340158382
SG_009851,0.20339300947980718
SG_009855,0.260384936271654
SG_009856,0.23778128463909
SG_009862,0.15324033392287076
SG_009865,0.11816730000806593
SG_009867,0.1473169734137983
SG_009868,0.1731174092153179
SG_009869,0.06119476792118609
SG_009870,0.1697631026434153
SG_009875,0.17731524315384908
SG_009876,0.1940037327811172
SG_009877,0.19254629259039188
SG_009878,0.4122212234966658
SG_009880,0.2422480949080102
SG_009881,0.1975060109111606
SG_009895,0.2648091548941015
SG_009905,0.17246601854339189
SG_009909,0.1894607433182817
SG_009914,0.20424908867391842
SG_009916,0.17307454321967858
SG_009921,0.13690061597280845
SG_009923,0.22155612243609527
SG_009926,0.221303522493776
SG_009929,0.22964146556930692
SG_009932,0.17488057328455558
SG_009933,0.10346206788624109
SG_009935,0.10972725494717102
SG_009936,0.130399347840323
SG_009937,0.14135358912309254
SG_009941,0.12573655998622155
SG_009942,0.18656792637945782
SG_009953,0.26822872805028464
SG_009956,0.12063937498676955
SG_009959,0.12794004258812122
SG_009964,0.15029394430618725
SG_009972,0.2300875075358781
SG_009977,0.19772685129292283
SG_009979,0.24679499237895192
SG_009982,0.12076763262208468
SG_009985,0.250406131186492
SG_009987,0.056091051814738765
SG_009989,0.17616498014490964
SG_009993,0.14568181711930922
SG_009997,0.19031618092567867
SG_009999,0.16614672000940697
SG_010002,0.3167676784585229
SG_010007,0.24681087536771668
SG_010008,0.13068074885401307
SG_010009,0.10109729751742078
SG_010010,0.1793601665638899
SG_010011,0.18583568697627656
SG_010012,0.09258094106970641
SG_010014,0.12930131170313913
SG_010015,0.1776294701877637
SG_010019,0.18207890936258578
SG_010020,0.10539469163706412
SG_010021,0.14132104197461354
SG_010024,0.13470245747850723
SG_010025,0.1407451691144642
SG_010034,0.14603260233482118
SG_010037,0.10138074885236799
SG_010038,0.15554725910090766
SG_010042,0.1832633726957234
SG_010045,0.1657137932061359
SG_010047,0.10519478882233062
SG_010048,0.15340211519152733
SG_010050,0.1663227860273188
SG_010052,0.18324743390072762
SG_010058,0.1567677106608191
SG_010061,0.21507771770259013
SG_010068,0.16376125472119515
SG_010069,0.10680318386353896
SG_010074,0.1399184461960939
SG_010078,0.0849718692767819
SG_010081,0.1100191834396399
SG_010084,0.17459175857544387
SG_010085,0.12458117165557994
SG_010086,0.33921900391861987
SG_010088,0.23195010318123477
SG_010091,0.06585746103068979
SG_010092,0.19506532748845368
SG_010099,0.19651302065782975
SG_010101,0.14699035787633596
SG_010103,0.12464070039734998
SG_010104,0.15609449551020727
SG_010106,0.2652414918731063
SG_010109,0.14180954156099995
SG_010115,0.06719608534489241
SG_010116,0.2318846146184554
SG_010117,0.2623371818696648
SG_010123,0.37352618820422306
SG_010130,0.08662332615079447
SG_010132,0.06244834219286046
SG_010134,0.21089689922450255
SG_010142,0.2891543176810342
SG_010144,0.1416971906253618
SG_010146,0.17210345339865427
SG_010151,0.09153550529220314
SG_010153,0.3592866046989628
SG_010155,0.16936428628870753
SG_010157,0.24712959077430252
SG_010165,0.1083525214106021
SG_010166,0.1043228860574598
SG_010169,0.0882599323041796
SG_010170,0.13391332361926672
SG_010172,0.11347083996927228
SG_010173,0.1987918537883005
SG_010174,0.18282555181406307
SG_010175,0.17904547513473068
SG_010176,0.18579058082164743
SG_010182,0.07691808299441724
SG_010183,0.16113050002917056
SG_010184,0.1848599945982304
SG_010187,0.11301135774282614
SG_010195,0.09977652703349052
SG_010198,0.11600894088947677
SG_010199,0.13647169058374292
SG_010200,0.0716780142147099
SG_010204,0.23231368835885058
SG_010206,0.2648559267964954
SG_010208,0.19839769283916928
SG_010209,0.10815362652073604
SG_010210,0.20101288925423363
SG_010213,0.17220512876056612
SG_010217,0.16392558966686155
SG_010226,0.2110525448757062
SG_010227,0.1411118261671724
SG_010234,0.11460451237728168
SG_010235,0.1542447087261744
SG_010238,0.36798061879209554
SG_010241,0.11396547937116508
SG_010242,0.10798747273501275
SG_010243,0.10916570987461571
SG_010246,0.1824852571304935
SG_010252,0.25080104237597667
SG_010253,0.339403133951973
SG_010256,0.2127228009438773
SG_010257,0.13014482587646206
SG_010258,0.08726181095916677
SG_010259,0.25454942347894594
SG_010261,0.18137257647650756
SG_010263,0.11188361884997788
SG_010265,0.08456780958193816
SG_010267,0.08234427882076212
SG_010271,0.10268947451943944
SG_010273,0.16293821519690904
SG_010274,0.1322302987497173
SG_010277,0.21018054068869757
SG_010284,0.10724306602976619
SG_010286,0.1371063149036005
SG_010287,0.32020639710498966
SG_010288,0.10579628449420102
SG_010293,0.13984607268536842
SG_010294,0.24470658926326294
SG_010298,0.13730765745771928
SG_010306,0.1426594186174976
SG_010313,0.15468254364977505
SG_010315,0.21893092175413637
SG_010316,0.20771583594480775
SG_010319,0.09638065355553205
SG_010320,0.26912479321204447
SG_010322,0.17942397130375437
SG_010323,0.21170381942898936
SG_010326,0.14329267586939382
SG_010328,0.21178955782224262
SG_010329,0.26487955453114437
SG_010330,0.19834932251055384
SG_010332,0.12932753252347928
SG_010336,0.24753362658552724
SG_010344,0.17496754119737196
SG_010347,0.23244539809865636
SG_010350,0.2016797985470462
SG_010352,0.4175777947237858
SG_010354,0.15149919311575338
SG_010358,0.14668494735716545
SG_010371,0.14330042273713856
SG_010373,0.19506668479409145
SG_010379,0.11269787174325677
SG_010386,0.1767657350501397
SG_010393,0.18122620603901568
SG_010394,0.18292420463697073
SG_010399,0.2615449095178972
SG_010401,0.08408132322387372
SG_010404,0.11295302196842671
SG_010406,0.11073961265185758
SG_010407,0.14084631657593635
SG_010409,0.33436675126381366
SG_010412,0.1438511597659882
SG_010418,0.09899254242338272
SG_010420,0.06798619189861901
SG_010424,0.2222152223304097
SG_010425,0.19005223753005665
SG_010428,0.2485389715081822
SG_010430,0.2843869712734716
SG_010431,0.22772174069038287
SG_010435,0.13473126898877827
SG_010442,0.2540841770713757
SG_010455,0.1906293409477668
SG_010459,0.13484394207630973
SG_010460,0.24244607082957637
SG_010461,0.19615759209706116
SG_010462,0.09982456561562744
SG_010465,0.0951782212195623
SG_010467,0.17234360523855488
SG_010469,0.20779970801770756
SG_010470,0.17384653848679038
SG_010472,0.09654602499895933
SG_010475,0.2390610137683747
SG_010477,0.18738897895241885
SG_010481,0.2557051471541334
SG_010482,0.09218030513634606
SG_010483,0.18991014177122192
SG_010485,0.19585618940348376
SG_010486,0.12252232135883576
SG_010487,0.18347940587352946
SG_010490,0.18497750141097144
SG_010492,0.14330663553952788
SG_010493,0.09580017727351757
SG_010495,0.15184765878545461
SG_010498,0.16588479097247494
SG_010499,0.12808232975328196
SG_010501,0.20880111921108568
SG_010503,0.10494389324788775
SG_010505,0.13750347225322068
SG_010506,0.10422730918029258
SG_010507,0.1295407365256573
SG_010509,0.1382760671709536
SG_010510,0.13755124905388968
SG_010515,0.29601159351803447
SG_010517,0.264150454203872
SG_010518,0.1662883891034343
SG_010531,0.22312830614268417
SG_010546,0.29115245094523934
SG_010547,0.1408424650670703
SG_010550,0.24769847983445917
SG_010552,0.10345066827554987
SG_010553,0.1297874834136389
SG_010555,0.10880481838470116
SG_010561,0.15764248554183877
SG_010562,0.17749884841425081
SG_010563,0.14806527059573074
SG_010569,0.13344416658089384
SG_010571,0.09553394330546112
SG_010577,0.10498800683003903
SG_010578,0.15788291330923537
SG_010579,0.16772405912619848
SG_010582,0.1857326200978324
SG_010585,0.23827087572379746
SG_010586,0.23298921064515202
SG_010588,0.15469832617683582
SG_010589,0.06399153656026416
SG_010590,0.2506549151806244
SG_010592,0.2855048374642255
SG_010594,0.12113151345619644
SG_010598,0.20365085220023635
SG_010600,0.12590094881811395
SG_010607,0.10559346612308307
SG_010611,0.20984130458073563
SG_010615,0.33843520264369675
SG_010616,0.20485561580686387
SG_010619,0.13259384508290045
SG_010627,0.17655072899980245
SG_010634,0.0860954465416657
SG_010635,0.13367126307481753
SG_010636,0.19927426197285608
SG_010649,0.2473257803470113
SG_010651,0.12200741846658558
SG_010653,0.11530892686647765
SG_010655,0.17411466352077304
SG_010659,0.1570693995441444
SG_010662,0.29561741049813045
SG_010664,0.2468105596112246
SG_010666,0.11314766747663392
SG_010668,0.11925871655491882
SG_010670,0.1642836251239601
SG_010673,0.23612901929212576
SG_010674,0.15791389207731976
SG_010679,0.2270449468158049
SG_010684,0.25673749990665423
SG_010685,0.13931178979620587
SG_010690,0.06573958508159906
SG_010696,0.14015782754370754
SG_010700,0.18660784435663585
SG_010707,0.11005924505786417
SG_010708,0.15129768494166532
SG_010713,0.1328364833185011
SG_010717,0.12948512576925122
SG_010718,0.21196843117520703
SG_010721,0.1910052279888744
SG_010722,0.13148256258741609
SG_010726,0.22800906220704928
SG_010729,0.13537949889719972
SG_010733,0.15344804992958663
SG_010734,0.1969058768423215
SG_010737,0.1369153334810433
SG_010739,0.12944153394964503
SG_010745,0.18556121509997586
SG_010752,0.14480625539345096
SG_010753,0.2730859417339212
SG_010757,0.11511302189548847
SG_010760,0.22502819312569824
SG_010763,0.17767263904925026
SG_010769,0.21819326432035485
SG_010772,0.2341295175155361
SG_010773,0.08690330037077483
SG_010774,0.14269782066128572
SG_010781,0.17626507198407673
SG_010784,0.11239727328010392
SG_010789,0.10901878343385747
SG_010791,0.21011945466565787
SG_010795,0.2703457097194391
SG_010796,0.22020964744802676
SG_010798,0.14209632637508524
SG_010801,0.22883621632963164
SG_010803,0.24853602978902084
SG_010808,0.11910344747135845
SG_010809,0.1421570258521256
SG_010810,0.17247010723197814
SG_010814,0.27022026167954777
SG_010816,0.06805651590185187
SG_010818,0.09816101621485247
SG_010824,0.2889178881828212
SG_010828,0.32697189001032445
SG_010830,0.23986810289306165
SG_010831,0.10230975331385814
SG_010837,0.2854392253602812
SG_010843,0.11258228149659506
SG_010844,0.2155530029128372
SG_010845,0.08930837162817104
SG_010846,0.1502011952780947
SG_010847,0.2048847801004241
SG_010853,0.10919477533938404
SG_010857,0.0998267826675534
SG_010860,0.1439950709278746
SG_010863,0.13370947109833908
SG_010865,0.1657765448143001
SG_010870,0.20292613001851056
SG_010871,0.18140050386143236
SG_010872,0.1511355876340086
SG_010876,0.25995707265799095
SG_010881,0.12564731689880476
SG_010882,0.16122022597372826
SG_010884,0.2697080467237391
SG_010887,0.08866091314183401
SG_010888,0.21207812208179494
SG_010889,0.22436042631330802
SG_010894,0.22756190511050228
SG_010896,0.20396866834581678
SG_010898,0.14439075087040293
SG_010902,0.12438600832042931
SG_010904,0.20242155762059863
SG_010907,0.23339297105245418
SG_010911,0.1537805300556355
SG_010922,0.19605758293347572
SG_010930,0.08570956359404627
SG_010946,0.17836582312797183
SG_010951,0.10804309951564788
SG_010956,0.23757886817199889
SG_010960,0.3459103068282415
SG_010961,0.1285000872946112
SG_010962,0.23645318670732282
SG_010969,0.14452086788967544
SG_010971,0.11482359211865574
SG_010973,0.24332892440949774
SG_010974,0.11263547343213001
SG_010977,0.08558442618329512
SG_010982,0.1128600278258236
SG_010985,0.15434487017882953
SG_010986,0.17225435787160434
SG_010987,0.21571521580744943
SG_010993,0.09707988077057209
SG_010995,0.08700924420929719
SG_010998,0.3063182659749713
SG_011003,0.16243935405657978
SG_011010,0.10867009108949384
SG_011012,0.12648037092528053
SG_011016,0.16754436863698435
SG_011017,0.10411441400701082
SG_011025,0.09795050860226333
SG_011031,0.2378904211222533
SG_011050,0.09293338172816264
SG_011052,0.12283068143874754
SG_011053,0.2035511277646938
SG_011055,0.14680226870708252
SG_011057,0.24639885469232
SG_011060,0.10072070581885825
SG_011073,0.15096851179503157
SG_011075,0.2011092991939616
SG_011077,0.10774138253295369
SG_011088,0.1278808469957392
SG_011089,0.1382997675770081
SG_011097,0.12244382043907012
SG_011107,0.12348534693001975
SG_011110,0.17890231667001472
SG_011117,0.09874479073365158
SG_011120,0.18364253721688073
SG_011132,0.20861538699445825
SG_011133,0.11389751449859356
SG_011139,0.4431877300757347
SG_011143,0.2559674978399954
SG_011144,0.08567282049199612
SG_011147,0.2180762422633949
SG_011148,0.19335678250039678
SG_011151,0.0983353919989666
SG_011152,0.2743565865559532
SG_011154,0.11687416543900686
SG_011158,0.18258192747296542
SG_011159,0.2971728510240082
SG_011160,0.2786695131726718
SG_011161,0.22119524912805638
SG_011162,0.12353571514029775
SG_011164,0.11758197027349082
SG_011169,0.13261992350651924
SG_011170,0.08219090286696565
SG_011175,0.15607610885394693
SG_011176,0.1717833186105734
SG_011177,0.10640627746095824
SG_011182,0.2027252284154629
SG_011184,0.22567149498288516
SG_011186,0.1707409749597329
SG_011190,0.08305231191937501
SG_011192,0.2831767728080328
SG_011199,0.08512999728623036
SG_011200,0.11352634527629876
SG_011201,0.09839234072285748
SG_011203,0.14043134339444152
SG_011208,0.3803193291217986
SG_011212,0.15505550918597605
SG_011214,0.13970062749794893
SG_011221,0.2716000288862492
SG_011222,0.19485178043019283
SG_011224,0.15482918445480348
SG_011226,0.2366316306573565
SG_011235,0.25590001438708077
SG_011239,0.10009870915122669
SG_011250,0.11760027509881095
SG_011257,0.2320973304151349
SG_011259,0.15871948322019033
SG_011261,0.12580045577968463
SG_011262,0.20922687713241134
SG_011266,0.13408679772247462
SG_011274,0.1015116671558346
SG_011275,0.10942335360297675
SG_011279,0.10269878314962463
SG_011280,0.19859830977564635
SG_011285,0.08068219795940162
SG_011291,0.16696409503841875
SG_011294,0.12237068262186646
SG_011298,0.1357041109319394
SG_011303,0.18617770328809902
SG_011304,0.1379996392602691
SG_011306,0.1358586962020169
SG_011307,0.1334021496045719
SG_011308,0.21793167790270013
SG_011309,0.15590311731078405
SG_011310,0.21179386210852105
SG_011312,0.23630452773472954
SG_011313,0.34867721081155467
SG_011327,0.12606803265312175
SG_011333,0.12745088199904372
SG_011335,0.17499364852451907
SG_011337,0.19014888207490363
SG_011340,0.06363182997547162
SG_011343,0.09990215128710749
SG_011345,0.12020428477514034
SG_011347,0.14637552655317326
SG_011350,0.11302413963173312
SG_011357,0.20099029861108547
SG_011360,0.14992274771444825
SG_011361,0.2502173892644259
SG_011367,0.08078748897609704
SG_011371,0.13880619247288503
SG_011376,0.10456196617678266
SG_011377,0.2681185860440875
SG_011380,0.14197308138746204
SG_011381,0.14044759428927128
SG_011383,0.10423408716679802
SG_011398,0.18324371786178503
SG_011401,0.1540094814022603
SG_011413,0.24034658187319557
SG_011416,0.13333774945241078
SG_011420,0.1650092428410275
SG_011429,0.15555429152432096
SG_011432,0.0722625734173498
SG_011437,0.15249044509909418
SG_011443,0.15994762761404824
SG_011447,0.23406667376280224
SG_011450,0.1539674256679557
SG_011457,0.2060075908056715
SG_011458,0.13631272542035308
SG_011460,0.18311482299052964
SG_011464,0.15683836489403538
SG_011468,0.13700405885929245
SG_011469,0.23563394626464768
SG_011473,0.28432942764518276
SG_011475,0.32333600197258383
SG_011479,0.16090448040970684
SG_011482,0.2666195271310976
SG_011483,0.2992191503788311
SG_011492,0.170499108530284
SG_011493,0.21876463161557536
SG_011497,0.09029239086989123
SG_011503,0.13665774185292498
SG_011504,0.18925123046741216
SG_011505,0.17395576838724222
SG_011512,0.15238921064955196
SG_011519,0.15789682121636658
SG_011526,0.18624361064201145
SG_011527,0.11915447702549793
SG_011528,0.12776123718263846
SG_011532,0.12084727414539435
SG_011541,0.11460560990788057
SG_011544,0.11679185860345491
SG_011547,0.25508319567558924
SG_011548,0.28579652909498143
SG_011552,0.17774787431760022
SG_011566,0.1344061105892469
SG_011567,0.1983396445700058
SG_011569,0.14912739606981043
SG_011575,0.10120393314022039
SG_011576,0.2479810716773839
SG_011577,0.12785546494152653
SG_011581,0.15902125461165598
SG_011584,0.2561946884529432
SG_011586,0.2137309790913946
SG_011593,0.20866800652426004
SG_011597,0.12271622183008897
SG_011598,0.2355425038978189
SG_011602,0.14346378320744188
SG_011605,0.16197752488854356
SG_011607,0.1006493705219843
SG_011612,0.3219535704721488
SG_011616,0.23205370512618803
SG_011617,0.15673826226707704
SG_011620,0.2695134568793776
SG_011622,0.14605743328782295
SG_011625,0.14004658887031232
SG_011626,0.15891968773783768
SG_011627,0.2926524975318849
SG_011632,0.23736824100785645
SG_011633,0.21030069576520458
SG_011635,0.2479439000945502
SG_011638,0.19210152044648393
SG_011640,0.24394955086599265
SG_011645,0.1362678629860808
SG_011649,0.20079041850508653
SG_011656,0.12939766410107378
SG_011662,0.13397708971048863
SG_011663,0.14946075746475448
SG_011666,0.12631815583061404
SG_011672,0.06415926742136607
SG_011673,0.26434576587428593
SG_011676,0.2825685084993178
SG_011678,0.1279667701676268
SG_011682,0.17561206732056747
SG_011683,0.10535157064998062
SG_011684,0.1340172473315938
SG_011691,0.22703009500880902
SG_011694,0.06845431794289356
SG_011695,0.15806616941911716
SG_011697,0.2813565652491278
SG_011699,0.09748312845071345
SG_011701,0.19032624961771755
SG_011704,0.1880098697363208
SG_011705,0.18861591450922205
SG_011708,0.15079803124374136
SG_011714,0.24949836457460553
SG_011715,0.20543660627905141
SG_011720,0.14107998028023003
SG_011721,0.10814846166566024
SG_011727,0.08866918144871824
SG_011728,0.1985538188451169
SG_011729,0.1407266147581287
SG_011731,0.11562738796791443
SG_011736,0.16674166628098774
SG_011737,0.1397667955973801
SG_011747,0.13769555420208296
SG_011749,0.2683356094344138
SG_011750,0.17454236971743362
SG_011752,0.1578101945858384
SG_011757,0.28127389580773837
SG_011764,0.1736299211209472
SG_011767,0.09429676140584395
SG_011769,0.2633035361640698
SG_011770,0.20057455967140095
SG_011772,0.23093149485673928
SG_011773,0.11085764187307463
SG_011777,0.14965465790512372
SG_011779,0.1027554431754654
SG_011780,0.159949032152511
SG_011786,0.22645569321137185
SG_011787,0.21480889537109457
SG_011789,0.11677410587982189
SG_011796,0.07098395031949878
SG_011799,0.12506834730004138
SG_011801,0.08536981079046549
SG_011802,0.2118600556422731
SG_011806,0.0896931150181142
SG_011812,0.26117302417538313
SG_011814,0.2268300692606846
SG_011815,0.1803478789800406
SG_011816,0.23431656005110457
SG_011830,0.19101041005036326
SG_011833,0.06528162857954566
SG_011843,0.18357935353968732
SG_011853,0.24327651067984563
SG_011855,0.20399075942003603
SG_011858,0.07154263855310228
SG_011861,0.11936345630708049
SG_011863,0.24766389533525257
SG_011864,0.19704163445553236
SG_011868,0.23596594431074153
SG_011869,0.192669985521354
SG_011871,0.2321654000279322
SG_011886,0.12329615108311143
SG_011889,0.1502413001448855
SG_011890,0.14800398051507083
SG_011894,0.1419443153843482
SG_011896,0.10402922500756999
SG_011898,0.08115396384283677
SG_011900,0.19151093856696266
SG_011918,0.23080358656036998
SG_011922,0.11136602939029079
SG_011925,0.12504143837646187
SG_011926,0.1842003718063247
SG_011927,0.243021661600649
SG_011931,0.18208123298492956
SG_011933,0.0892722241351639
SG_011936,0.09304891441406239
SG_011939,0.07882576393906651
SG_011940,0.15795417443481824
SG_011953,0.14747112630821063
SG_011955,0.2205318203841629
SG_011956,0.19156577914022432
SG_011959,0.12883891345387127
SG_011961,0.25860336176763815
SG_011962,0.29707454423463664
SG_011966,0.2987017204323866
SG_011969,0.12207790333530252
SG_011971,0.08797887482319715
SG_011977,0.14753237390181279
SG_011978,0.12958501618524856
SG_011983,0.09355748816515037
SG_011986,0.13756726089893037
SG_011988,0.09440593240865991
SG_011993,0.15886365912775244
SG_011995,0.2749870158925496
SG_011996,0.1174240150519513
SG_011997,0.17438965410823953
SG_012000,0.15614053875095538
SG_012013,0.1430143194869538
SG_012018,0.16102033844779445
SG_012019,0.17166851065624175
SG_012020,0.19874316756222749
SG_012022,0.12943028278491792
SG_012031,0.16262047979431454
SG_012040,0.1836463127860671
SG_012041,0.0984673475941967
SG_012048,0.10738307101835975
SG_012050,0.12212177702757712
SG_012051,0.10979396041495477
SG_012052,0.2589306124471355
SG_012064,0.20036226935060006
SG_012066,0.101051645290923
SG_012068,0.12640871150050154
SG_012076,0.28105211549140835
SG_012077,0.17725565319894246
SG_012078,0.11102916606259199
SG_012079,0.0862197414152556
SG_012080,0.20380813251165802
SG_012081,0.13304054476848287
SG_012082,0.13346620164487472
SG_012086,0.16553218777604453
SG_012089,0.2374090913979468
SG_012097,0.09273316175616104
SG_012104,0.12112151033696997
SG_012108,0.19239894301179056
SG_012113,0.19174520272017254
SG_012119,0.2500236886628635
SG_012124,0.20695001080028544
SG_012125,0.1239130733463826
SG_012141,0.25063770151851184
SG_012143,0.16280430575437688
SG_012145,0.12761735720296138
SG_012148,0.15295310598991452
SG_012150,0.1877683883572322
SG_012162,0.13035244528508727
SG_012165,0.1555640260488501
SG_012166,0.13807804998335954
SG_012167,0.15411036336757758
SG_012168,0.11456569654234199
SG_012169,0.11906241257989078
SG_012170,0.09984182385771424
SG_012175,0.11920545255872346
SG_012176,0.16247778452488862
SG_012177,0.12639281031512692
SG_012181,0.2978933205023654
SG_012186,0.3160318048124521
SG_012190,0.18429998910628828
SG_012192,0.31104133296905057
SG_012194,0.18673759329901202
SG_012195,0.12740825911324602
SG_012198,0.19023700227946444
SG_012199,0.15345943936017142
SG_012205,0.22591979961272535
SG_012206,0.22879598515418897
SG_012211,0.10071342184525973
SG_012212,0.22213376242433677
SG_012213,0.10914488013037826
SG_012216,0.22196485811743227
SG_012217,0.22519219237342097
SG_012218,0.21124766889913857
SG_012220,0.1339958860514535
SG_012225,0.15757420120011084
SG_012230,0.09687471263349559
SG_012232,0.10537732923324832
SG_012234,0.1193305008859383
SG_012238,0.17765191637285138
SG_012241,0.1255337755822788
SG_012243,0.09437604806115012
SG_012247,0.1625286236064447
SG_012253,0.18907738259578105
SG_012258,0.17952380944929336
SG_012260,0.2260313268884045
SG_012263,0.11735307225765934
SG_012264,0.18386814070391694
SG_012266,0.32337485231888363
SG_012270,0.10182965600030709
SG_012272,0.10597660297001343
SG_012276,0.23841528962084085
SG_012277,0.11929496377594018
SG_012278,0.22017872843843392
SG_012279,0.18752992449429057
SG_012280,0.21845813129909422
SG_012281,0.23676678936175194
SG_012283,0.2220447331410232
SG_012284,0.247056807821287
SG_012285,0.1470652480737114
SG_012290,0.18928941187534087
SG_012293,0.16736704304150946
SG_012301,0.24165134848956674
SG_012305,0.15700305409327037
SG_012307,0.294550059892718
SG_012308,0.17335895301582346
SG_012310,0.18069862331987138
SG_012312,0.4180278291931647
SG_012313,0.1711398101193872
SG_012316,0.16219142472215733
SG_012321,0.15142956495134277
SG_012322,0.22461856568702737
SG_012326,0.15072990312289333
SG_012334,0.110177794847612
SG_012336,0.13535938069138012
SG_012337,0.16693132414431472
SG_012339,0.21697491721663503
SG_012340,0.15186743632643657
SG_012345,0.08582387378704914
SG_012355,0.21981005791366046
SG_012362,0.18389647886616406
SG_012363,0.14242467637213946
SG_012368,0.2639731554027711
SG_012375,0.1188131372294188
SG_012378,0.06179036961452229
SG_012381,0.058413998465098614
SG_012384,0.1328589421948602
SG_012390,0.15386620534220502
SG_012393,0.14304751357890552
SG_012397,0.10447503008294472
SG_012400,0.15044217527127798
SG_012402,0.1921107761497076
SG_012410,0.14273897383378506
SG_012414,0.12601900184093107
SG_012419,0.1610761132668048
SG_012420,0.34757583363051175
SG_012422,0.281909628961946
SG_012423,0.22582817571346575
SG_012424,0.10667907787827588
SG_012427,0.12945188700950627
SG_012432,0.13123934249304325
SG_012436,0.22250739502414735
SG_012437,0.18007744435774053
SG_012438,0.26816560721195826
SG_012444,0.1052362600252699
SG_012446,0.05720792713494962
SG_012452,0.3003981834336546
SG_012453,0.1018499774418353
SG_012456,0.15224275883065402
SG_012459,0.0809761291123143
SG_012468,0.07214164589793057
SG_012470,0.14767772913955066
SG_012480,0.1787482759071603
SG_012484,0.14012801037572
SG_012489,0.11500123769604982
SG_012493,0.15130413344293944
SG_012495,0.2365179722580876
SG_012499,0.23165165150362155
SG_012501,0.08575374846074216
SG_012502,0.10244265098885537
SG_012504,0.2823650332503319
SG_012506,0.10954490079773667
SG_012509,0.27729252405531585
SG_012510,0.31616998898836446
SG_012513,0.16524845605376726
SG_012519,0.17329297720592718
SG_012520,0.2035226681942676
SG_012521,0.05283373425969129
SG_012525,0.1520391391764328
SG_012527,0.15413841189846636
SG_012531,0.19736481919709237
SG_012533,0.3045492360884921
SG_012538,0.11470548183580154
SG_012539,0.3246522305155035
SG_012548,0.13115763599180977
SG_012550,0.20921640996397978
SG_012552,0.1471461660607119
SG_012556,0.16697322113685745
SG_012561,0.2124778954621817
SG_012562,0.10472006598208979
SG_012563,0.2356180030327541
SG_012564,0.20832133616243223
SG_012567,0.07718424804321668
SG_012568,0.32105775813024706
SG_012571,0.24270825628130327
SG_012575,0.11761882328154134
SG_012579,0.19811980874689003
SG_012588,0.11072547225649614
SG_012591,0.16875493733584934
SG_012594,0.1607612695726002
SG_012596,0.13165827321689746
SG_012600,0.2395005544729277
SG_012601,0.1547835539155084
SG_012603,0.10627114807783826
SG_012606,0.09881877114444411
SG_012609,0.32193148461701393
SG_012610,0.09975613738460229
SG_012615,0.14562732332961809
SG_012616,0.2166125794871716
SG_012619,0.16786312653611124
SG_012623,0.2511741922797588
SG_012628,0.1959679891628507
SG_012630,0.24979393267015584
SG_012632,0.2418889653598034
SG_012636,0.16383221670809045
SG_012640,0.0890769206242901
SG_012643,0.25046303719991003
SG_012648,0.3453552219982898
SG_012651,0.09188050457703864
SG_012654,0.1572899461079305
SG_012660,0.24238654220368155
SG_012661,0.2486678024709835
SG_012663,0.18801646075899267
SG_012669,0.11533657433549786
SG_012674,0.19824043235742395
SG_012680,0.15718979033262656
SG_012684,0.16625187932799723
SG_012688,0.15767674124010952
SG_012690,0.1868290617086154
SG_012697,0.12601817006611032
SG_012699,0.1554834149362326
SG_012701,0.09630544197200691
SG_012705,0.18487669172667567
SG_012709,0.1664619129808262
SG_012710,0.25385648945632844
SG_012715,0.19988394505786986
SG_012716,0.13321640230474693
SG_012718,0.16230578649331218
SG_012723,0.12920950949787083
SG_012724,0.16935882510254563
SG_012730,0.11668595082864527
SG_012734,0.22972786882162524
SG_012736,0.16828236671318292
SG_012738,0.11239320541027928
SG_012747,0.24931990975991214
SG_012749,0.2522489744289912
SG_012750,0.09578085987935168
SG_012753,0.19739997615562474
SG_012754,0.25574524357592
SG_012757,0.12181799598287106
SG_012763,0.1266644562275459
SG_012764,0.12941759696809954
SG_012767,0.21731221925614363
SG_012768,0.15531723978185702
SG_012773,0.12446577267143621
SG_012775,0.06110945291107117
SG_012777,0.18111925735820084
SG_012786,0.18353595619818813
SG_012787,0.28587890312154113
SG_012792,0.1691902173804631
SG_012797,0.20052912632938907
SG_012805,0.14064111052908865
SG_012808,0.18767924850224588
SG_012810,0.2147752806994506
SG_012819,0.23003327936592183
SG_012821,0.30341870997249903
SG_012822,0.2074199654331089
SG_012831,0.10231980732568294
SG_012844,0.2867463433453943
SG_012845,0.11206552085281615
SG_012848,0.07932807146343604
SG_012849,0.22646294063613165
SG_012851,0.23612712070258274
SG_012859,0.08427966258806344
SG_012861,0.20421236317469518
SG_012869,0.2089491604307577
SG_012870,0.1514708506099673
SG_012873,0.21873992089836652
SG_012874,0.259010338708207
SG_012883,0.09886849704539859
SG_012886,0.19303914867823835
SG_012887,0.07685005342360425
SG_012888,0.1959349976461059
SG_012891,0.09716500111330757
SG_012898,0.13773976565755336
SG_012905,0.2249262943454514
SG_012910,0.19147295248870647
SG_012913,0.13200396930723776
SG_012918,0.3418993612482161
SG_012919,0.19002038665261647
SG_012920,0.13279805206399847
SG_012923,0.10179225281872373
SG_012924,0.1435413825085893
SG_012926,0.29428711523407364
SG_012936,0.22163902697074422
SG_012938,0.1821431406143073
SG_012940,0.13028790533798246
SG_012945,0.13377779328340425
SG_012949,0.17123143031207383
SG_012958,0.2101266583305264
SG_012962,0.1993343987335859
SG_012967,0.11524988029384482
SG_012968,0.1460137587763308
SG_012970,0.11885287775337874
SG_012972,0.12975252579326702
SG_012978,0.129756747963328
SG_012979,0.1510595792406236
SG_012980,0.24065627937677156
SG_012981,0.36137880793609817
SG_012983,0.16694421264873344
SG_012984,0.2029585421102397
SG_012989,0.21994209624565614
SG_012994,0.11216656572842454
SG_012997,0.1492065243919278
SG_013002,0.1895946000617624
SG_013009,0.1605091105924253
SG_013017,0.08754908164169009
SG_013023,0.27601927958604816
SG_013028,0.13543922583292822
SG_013030,0.2353567406950981
SG_013033,0.31627617781340184
SG_013042,0.16226603811088733
SG_013043,0.17150878652779017
SG_013045,0.18261438583394782
SG_013063,0.2113679665415531
SG_013064,0.14912791564026895
SG_013065,0.10116331057477876
SG_013068,0.318616621587992
SG_013070,0.1452878504680532
SG_013071,0.16580108268538574
SG_013072,0.20340894576264218
SG_013077,0.13932646083646155
SG_013080,0.28671837487961527
SG_013082,0.1900345804021714
SG_013083,0.13626617494521684
SG_013085,0.20912391406246936
SG_013086,0.16500933976558724
SG_013093,0.11598113604841327
SG_013094,0.13894753885020256
SG_013096,0.18116247506117747
SG_013104,0.25008130507084764
SG_013108,0.11611290482426602
SG_013111,0.12388612129295082
SG_013112,0.1516930428612973
SG_013115,0.19723749029481105
SG_013117,0.19873125354787585
SG_013125,0.096020511444556
SG_013127,0.13981704236995696
SG_013135,0.1570226821397155
SG_013138,0.2297037391556956
SG_013139,0.0784874802744566
SG_013141,0.2772591624405242
SG_013149,0.18093833328267558
SG_013150,0.2651095097585503
SG_013157,0.16702174468074024
SG_013159,0.24491408487029082
SG_013166,0.1597043712952681
SG_013172,0.1809173657496644
SG_013177,0.15127930576058096
SG_013178,0.10139805516404858
SG_013187,0.13943970190909732
SG_013196,0.14280613318416507
SG_013201,0.34070666098829716
SG_013202,0.10295582516167037
SG_013212,0.09651911149030681
SG_013219,0.19765702559832282
SG_013222,0.12409041163391599
SG_013223,0.18327346944483816
SG_013224,0.2632736950511271
SG_013233,0.11335293479364125
SG_013237,0.07623051215866566
SG_013245,0.1671454907705928
SG_013249,0.11855415349571423
SG_013250,0.16241820258388423
SG_013260,0.14023213311487598
SG_013264,0.12098439861734392
SG_013266,0.15348581272288603
SG_013267,0.2793987762993398
SG_013269,0.136957636158805
SG_013273,0.2969130613308226
SG_013276,0.1021590741119156
SG_013280,0.15992179010390717
SG_013281,0.15154406157078054
SG_013282,0.12473916562080371
SG_013288,0.18761102487471143
SG_013292,0.13469701233158488
SG_013294,0.20434444506536625
SG_013297,0.08434866182664458
SG_013304,0.12375585942409269
SG_013311,0.18079958265041332
SG_013313,0.20617920565176595
SG_013314,0.13851836455814712
SG_013315,0.16494575964920982
SG_013317,0.19732293123595196
SG_013321,0.2171736142889995
SG_013323,0.12694085130949248
SG_013327,0.1493655150319082
SG_013328,0.10576502957036789
SG_013332,0.09833781700391235
SG_013337,0.1567348728280675
SG_013338,0.18220652697334744
SG_013339,0.08541372250499779
SG_013340,0.1761578011098297
SG_013342,0.07398740637865556
SG_013344,0.10511200512732818
SG_013345,0.20988224595303598
SG_013347,0.14896569778947805
SG_013348,0.13377884649321953
SG_013356,0.2065077701972476
SG_013358,0.256610190327247
SG_013359,0.15701775397446074
SG_013360,0.09834973923195581
SG_013361,0.11527970000179959
SG_013362,0.12788086062123943
SG_013366,0.12541138698580095
SG_013371,0.22337269499105883
SG_013372,0.1863683079863417
SG_013374,0.266849870486307
SG_013380,0.08934006029603313
SG_013383,0.18186639142095457
SG_013384,0.1365355603594023
SG_013391,0.23379159364348207
SG_013392,0.1520097754828277
SG_013393,0.29576836712400956
SG_013396,0.254392068112637
SG_013400,0.19084793934768005
SG_013404,0.12507728136941046
SG_013412,0.12310547174076163
SG_013413,0.22706494912865108
SG_013414,0.10257921251519526
SG_013418,0.2624891285011676
SG_013420,0.10743447021971816
SG_013421,0.17435117975783648
SG_013424,0.2502715524067076
SG_013427,0.2530568876799979
SG_013430,0.2079659434906616
SG_013435,0.2129458291759833
SG_013438,0.20155344828314908
SG_013440,0.18429576461654187
SG_013443,0.33892036973745937
SG_013444,0.1915067776192377
SG_013446,0.07225363658652333
SG_013447,0.11211659463125316
SG_013452,0.1506694285321975
SG_013454,0.21510264446226693
SG_013456,0.18945347681500033
SG_013462,0.15335665746890226
SG_013463,0.29585661957721143
SG_013464,0.1282505051305912
SG_013468,0.07178793069241539
SG_013472,0.1132922256446913
SG_013474,0.16596850403465863
SG_013477,0.11369321217365753
SG_013480,0.1344467380513538
SG_013485,0.10336284433528853
SG_013486,0.1392239182242212
SG_013487,0.16466629273574368
SG_013491,0.22450176204129974
SG_013495,0.167951057007653
SG_013499,0.12376219028051134
SG_013504,0.27872735929291637
SG_013508,0.1842164107339647
SG_013509,0.09064678267251344
SG_013515,0.1777110903625708
SG_013523,0.10852584944173171
SG_013528,0.1558825808831973
SG_013538,0.1618936491958618
SG_013542,0.130972729382705
SG_013543,0.11700711227752784
SG_013544,0.207375522450132
SG_013545,0.20049171640922553
SG_013546,0.15172370102312266
SG_013548,0.3451082925800643
SG_013549,0.25913041132572595
SG_013552,0.27934785957843844
SG_013553,0.1763456860228702
SG_013554,0.17652501786065442
SG_013557,0.11998827370937362
SG_013558,0.19440303338923928
SG_013561,0.3058736983559708
SG_013563,0.17156890028648603
SG_013565,0.0935526500453479
SG_013567,0.09902418373313607
SG_013568,0.11686190338193483
SG_013571,0.19657093928094668
SG_013574,0.1888897142331077
SG_013575,0.10277601562445429
SG_013578,0.3353968694960671
SG_013579,0.2111108080070861
SG_013580,0.2298361047840553
SG_013586,0.08352220427423548
SG_013588,0.146342011134395
SG_013591,0.1720662976009269
SG_013598,0.2895656063487492
SG_013601,0.1562461992081456
SG_013602,0.27710268274621896
SG_013604,0.1350477667116694
SG_013608,0.2199545240082928
SG_013610,0.15434873970042554
SG_013612,0.14766741792778987
SG_013613,0.12663950491332407
SG_013616,0.1155107652874054
SG_013619,0.16868921512615925
SG_013624,0.2783479223068793
SG_013626,0.21674883012911933
SG_013628,0.22572444028307057
SG_013629,0.10893991852108116
SG_013633,0.12780186718722353
SG_013635,0.07790352285817162
SG_013637,0.1714959078839386
SG_013638,0.20114966925357297
SG_013639,0.13522895616362102
SG_013641,0.18415625879962244
SG_013646,0.1712803103355692
SG_013653,0.15230429340787371
SG_013667,0.17179911618863458
SG_013668,0.19336294340027896
SG_013670,0.12458182208985533
SG_013675,0.24927590439688826
SG_013677,0.1787895115070505
SG_013678,0.23098928974702804
SG_013681,0.1472880105797385
SG_013682,0.2599058329460494
SG_013683,0.24806758267634793
SG_013684,0.17411289106097513
SG_013685,0.10471392126739773
SG_013686,0.20002441066871376
SG_013690,0.12822651021742096
SG_013695,0.102762631435283
SG_013705,0.13609368802839056
SG_013706,0.10090150252758938
SG_013708,0.07215385102682932
SG_013711,0.10603082112008289
SG_013713,0.23733202108997262
SG_013715,0.14423314292549633
SG_013716,0.20466103015101159
SG_013726,0.20289933783707864
SG_013727,0.10090183537459785
SG_013728,0.17231729619267286
SG_013731,0.10857315479050385
SG_013733,0.08312487328486522
SG_013737,0.1684575699397648
SG_013740,0.19967308650537205
SG_013741,0.18922912152853194
SG_013744,0.10793038828179402
SG_013745,0.22521489147558088
SG_013746,0.10717095955696661
SG_013747,0.14880300724507659
SG_013749,0.19226432782517022
SG_013755,0.1718779632513221
SG_013759,0.1569518631078946
SG_013765,0.1613914291217347
SG_013766,0.24392901689770086
SG_013769,0.12163105680435267
SG_013773,0.24587025964815973
SG_013785,0.11568305418085549
SG_013793,0.09298908369393069
SG_013800,0.1104113585781451
SG_013808,0.1708471879779053
SG_013815,0.2750879898260987
SG_013827,0.14134118538079793
SG_013840,0.11288950369570298
SG_013841,0.06555877972135196
SG_013842,0.08664812729448393
SG_013844,0.26419410407830074
SG_013845,0.1437249272611012
SG_013849,0.12174586781294405
SG_013850,0.1382291334443964
SG_013851,0.14211641114903817
SG_013853,0.1759668595783056
SG_013854,0.10754792779289715
SG_013855,0.15827035616875534
SG_013857,0.16817152388497608
SG_013860,0.2712721708691353
SG_013862,0.21697258322209997
SG_013867,0.2802430882962329
SG_013868,0.11095619556139076
SG_013870,0.10604667794454854
SG_013883,0.10718851638911091
SG_013884,0.1662527515508096
SG_013885,0.1838349831514104
SG_013892,0.24090490947483262
SG_013896,0.06289905268844567
SG_013898,0.1603968363779932
SG_013901,0.23760064150975774
SG_013905,0.1993833801144468
SG_013906,0.21401252976833432
SG_013907,0.09390206752458638
SG_013910,0.23715569418551072
SG_013912,0.1837529233262027
SG_013914,0.1706892785482325
SG_013919,0.23431290853198267
SG_013922,0.2666199776093852
SG_013943,0.0974588226537006
SG_013944,0.07203104330637815
SG_013946,0.13243787820450592
SG_013948,0.10399501747076596
SG_013949,0.11993835421608053
SG_013953,0.187214388604552
SG_013962,0.2154369059484536
SG_013965,0.24488204434729136
SG_013969,0.2439636009077292
SG_013974,0.1127239524428191
SG_013978,0.14965296726856475
SG_013979,0.11150160533291649
SG_013980,0.20690966098714583
SG_013986,0.17818141390427877
SG_013997,0.14001984243513327
SG_014000,0.2371449935111023
SG_014004,0.09331789091686225
SG_014009,0.2175090394761582
SG_014010,0.18828137584201057
SG_014012,0.10756585708842648
SG_014014,0.2712689616839054
SG_014015,0.20949223032607917
SG_014016,0.23023484810034875
SG_014017,0.3093466959846275
SG_014018,0.052806408620179116
SG_014020,0.18198793619997178
SG_014021,0.09752522879807109
SG_014022,0.14079396598355837
SG_014023,0.1601736139290396
SG_014026,0.23991428186491484
SG_014030,0.1912855702992
SG_014031,0.19498053525218717
SG_014036,0.15753430662548987
SG_014037,0.10459881387497168
SG_014039,0.15878299187634007
SG_014045,0.1407356762169458
SG_014046,0.204376312394751
SG_014047,0.17121241004852802
SG_014050,0.07191684922162415
SG_014053,0.20720048366765384
SG_014058,0.2586313642983473
SG_014059,0.2080966407911582
SG_014062,0.11530822903949531
SG_014067,0.20086793845080994
SG_014072,0.08769056116919298
SG_014073,0.1466305028649037
SG_014075,0.17034436866808902
SG_014081,0.18540122107088122
SG_014085,0.11482314250278555
SG_014088,0.19383968535132684
SG_014096,0.22935627500033204
SG_014099,0.2876223373192013
SG_014102,0.13480832957470917
SG_014105,0.22083952524236888
SG_014111,0.3412109341705068
SG_014113,0.22399446620645108
SG_014116,0.08970913772581758
SG_014122,0.20458709660724086
SG_014123,0.1575033288079693
SG_014124,0.2613828397718343
SG_014130,0.2596505314423195
SG_014132,0.17889707680661193
SG_014135,0.34815378375475803
SG_014136,0.14332135091995313
SG_014139,0.15026758710470559
SG_014140,0.14843217089350721
SG_014141,0.16774178304102194
SG_014146,0.2448642994076235
SG_014155,0.1797527818281331
SG_014157,0.14842689421842042
SG_014161,0.1443839991335207
SG_014162,0.17104275712236636
SG_014165,0.20741471960113836
SG_014167,0.27565677426845403
SG_014168,0.15297580520575674
SG_014172,0.0950918660697192
SG_014176,0.1836943767613594
SG_014177,0.31394094313466847
SG_014184,0.2922606491480769
SG_014186,0.20427313091155935
SG_014188,0.1576024340622238
SG_014190,0.10271689117548684
SG_014191,0.13045782675846246
SG_014192,0.10398537940538985
SG_014194,0.20979526761089623
SG_014196,0.1547036318720344
SG_014197,0.2664431288894071
SG_014205,0.14457991244140686
SG_014210,0.13094706337208092
SG_014217,0.14721072232592172
SG_014219,0.2066187980161617
SG_014223,0.23666658138747923
SG_014235,0.09476352883105604
SG_014237,0.22617792781306578
SG_014243,0.18551580582669575
SG_014248,0.21518389068910565
SG_014249,0.15486486623875262
SG_014259,0.16168938419081377
SG_014269,0.1950813896737701
SG_014270,0.23579960953868961
SG_014272,0.07796787891475596
SG_014277,0.09603114103151808
SG_014288,0.13630856820540074
SG_014290,0.1297475668905203
SG_014292,0.17126046669940354
SG_014293,0.1473222275259236
SG_014295,0.1653457407538843
SG_014299,0.16665113377415924
SG_014308,0.27268367049158143
SG_014309,0.13455175815156958
SG_014311,0.3913355909963648
SG_014314,0.22447180540959186
SG_014319,0.08093307527197177
SG_014320,0.09353219671651021
SG_014321,0.3341984690009599
SG_014328,0.2161418814447799
SG_014334,0.10465350841736085
SG_014335,0.11536484385830408
SG_014339,0.1942843284217176
SG_014342,0.11080717013139407
SG_014343,0.3652920644366685
SG_014345,0.1459747584005525
SG_014363,0.13755639532831815
SG_014368,0.08752995129409383
SG_014370,0.10333399071951965
SG_014373,0.18106573969157333
SG_014375,0.15455980982084824
SG_014380,0.3089226599502939
SG_014383,0.24109471928814155
SG_014385,0.18900167806152304
SG_014386,0.20068739074720804
SG_014387,0.20305700951764427
SG_014389,0.207497754689075
SG_014391,0.11959409479317624
SG_014394,0.390943708260994
SG_014398,0.16585271144918198
SG_014402,0.11457671846407229
SG_014409,0.13544863921241257
SG_014411,0.20462581392167434
SG_014415,0.1807381749714234
SG_014416,0.19312996892670992
SG_014418,0.10371656609043675
SG_014425,0.14952529016730315
SG_014426,0.20704267460557949
SG_014431,0.19931730305944123
SG_014432,0.2916322727679646
SG_014446,0.14952677552816368
SG_014447,0.126041466030698
SG_014457,0.1657169657261905
SG_014465,0.17678192821718716
SG_014466,0.11422878292724783
SG_014469,0.13081290547196775
SG_014474,0.12310735019677532
SG_014484,0.12889374455089125
SG_014486,0.07540841737871531
SG_014488,0.1270702841050177
SG_014491,0.15355485243486924
SG_014495,0.2184408884864042
SG_014512,0.29595025414380655
SG_014514,0.14576120616600527
SG_014516,0.18222257187562768
SG_014519,0.14328735162898637
SG_014522,0.10016089622132696
SG_014529,0.2157169584209883
SG_014538,0.2182495164537841
SG_014544,0.1896556647462166
SG_014551,0.15754133193916625
SG_014552,0.19026506861668144
SG_014556,0.1071500298480534
SG_014562,0.18020519999673754
SG_014565,0.08892529680752073
SG_014566,0.26330948889582545
SG_014568,0.07727726375861421
SG_014569,0.07745570478070991
SG_014570,0.18486668805634787
SG_014578,0.14720619676925492
SG_014579,0.20084267524250624
SG_014581,0.16263987174798947
SG_014582,0.18526578124414023
SG_014583,0.12778040892788298
SG_014587,0.15940548800457227
SG_014594,0.1236562409228514
SG_014596,0.19777239539613653
SG_014597,0.15793783643014378
SG_014607,0.2263893985222151
SG_014611,0.08946545516340458
SG_014616,0.15354739209254786
SG_014617,0.15123445798322732
SG_014618,0.1558575615218644
SG_014619,0.11819797075991834
SG_014621,0.18080899724933583
SG_014626,0.24754557436281988
SG_014634,0.09301685834561485
SG_014635,0.1959459375010016
SG_014636,0.16112126837100574
SG_014637,0.13357550495928266
SG_014640,0.17028044318684996
SG_014641,0.14059444767911572
SG_014645,0.1354634839711652
SG_014647,0.11617254466498594
SG_014653,0.1285541028373519
SG_014655,0.1160829576816611
SG_014656,0.2562824269213661
SG_014657,0.26280511575976306
SG_014660,0.21528597172954603
SG_014667,0.14342150397645742
SG_014672,0.20151030976325357
SG_014677,0.1433854145060473
SG_014680,0.2063337350673061
SG_014681,0.22854230894379352
SG_014687,0.1848236469605374
SG_014690,0.19702675019011834
SG_014691,0.13467281364319977
SG_014700,0.24845515917564956
SG_014701,0.30662849634585665
SG_014702,0.2061947974611845
SG_014703,0.11063525158421131
SG_014712,0.21711416276525725
SG_014713,0.10434423976425593
SG_014718,0.1493425639787244
SG_014720,0.2300492961835038
SG_014723,0.1542217932435284
SG_014729,0.25005075454188763
SG_014731,0.19657275197608481
SG_014733,0.19644559161995467
SG_014735,0.25521752295068095
SG_014742,0.08627004830739578
SG_014746,0.07908546766914094
SG_014748,0.08423820552974312
SG_014749,0.1427031031832701
SG_014753,0.1345063579638974
SG_014754,0.1549788158760686
SG_014757,0.14778668064456968
SG_014771,0.15313975996887372
SG_014774,0.18069617860176349
SG_014777,0.1482022341459024
SG_014778,0.2632011109458601
SG_014780,0.1634193040473835
SG_014787,0.19838294314642843
SG_014800,0.1803570516248673
SG_014801,0.2654150898545532
SG_014802,0.22983753715879485
SG_014803,0.15677162861556773
SG_014808,0.10317128039240915
SG_014812,0.10442550065815208
SG_014813,0.09166280260036797
SG_014815,0.22487491161532738
SG_014824,0.05045820831921215
SG_014825,0.2010817664970511
SG_014827,0.184523519759338
SG_014830,0.07076766126251452
SG_014834,0.11536364005106685
SG_014839,0.2478473626037913
SG_014844,0.23371288472262228
SG_014865,0.2533349765547167
SG_014866,0.10790905368497486
SG_014867,0.17229214553064578
SG_014871,0.2065017804254153
SG_014874,0.13780402994666727
SG_014875,0.31404998525952965
SG_014879,0.10766601497007511
SG_014880,0.08182006951874878
SG_014882,0.18991076174932553
SG_014885,0.23459795429646402
SG_014887,0.21693321393775555
SG_014894,0.15470541977126384
SG_014895,0.13234591421998326
SG_014898,0.1267264268449788
SG_014900,0.1814288802567861
SG_014906,0.24854324533039002
SG_014909,0.12771492954039992
SG_014914,0.1630655952632027
SG_014919,0.12326988679629851
SG_014921,0.14868483383114645
SG_014939,0.289719924656726
SG_014940,0.18509133687520354
SG_014945,0.13475202763613833
SG_014946,0.09599699101585735
SG_014951,0.24194059969586826
SG_014953,0.3772554404272123
SG_014955,0.17393706313588989
SG_014959,0.21353864483417526
SG_014961,0.1944306237586319
SG_014964,0.18768223297038722
SG_014965,0.1300271068830518
SG_014966,0.16627008512685287
SG_014969,0.2563957644367615
SG_014972,0.22874023149427442
SG_014976,0.20066071738606156
SG_014979,0.09277200697252488
SG_014980,0.20769511282561082
SG_014984,0.17258475808239454
SG_014990,0.08997002328338197
SG_014998,0.11887689575255982
SG_014999,0.10411877498642838
SG_015001,0.2248014902945726
SG_015002,0.2043405747985078
SG_015014,0.16892540149385032
SG_015015,0.11555653444542105
SG_015021,0.15203408913792985
SG_015026,0.21160027017355398
SG_015031,0.23330244474047906
SG_015036,0.16308642071325308
SG_015039,0.07581132280624049
SG_015042,0.13779557289395114
SG_015044,0.11819899893369996
SG_015046,0.18648686047711152
SG_015047,0.27941612394279153
SG_015050,0.1125997203365309
SG_015054,0.19509138067308057
SG_015066,0.16541001191363255
SG_015068,0.31673792912245735
SG_015071,0.14784124872502621
SG_015075,0.09680421037751198
SG_015076,0.09312090069759286
SG_015081,0.19014724314539472
SG_015082,0.1507883141460747
SG_015085,0.11899610048345455
SG_015093,0.21862912568665363
SG_015095,0.18581610080094094
SG_015099,0.11223321814107141
SG_015102,0.11272215879205942
SG_015103,0.2624013576729788
SG_015111,0.21478161060890227
SG_015112,0.11815523795428658
SG_015118,0.1121542323598437
SG_015125,0.12468845529782731
SG_015126,0.1685267960486845
SG_015127,0.16719383595042742
SG_015129,0.1338395820748836
SG_015134,0.21404630597050828
SG_015135,0.10751706464278181
SG_015137,0.13262970555062353
SG_015138,0.2623601293078645
SG_015144,0.2526862994479695
SG_015146,0.15823182855465262
SG_015152,0.17161333187952107
SG_015155,0.15098214184381226
SG_015158,0.2178434206784608
SG_015159,0.1813523520212019
SG_015161,0.16847150826834958
SG_015165,0.2986914615408585
SG_015167,0.19217768045525901
SG_015169,0.2342433169265803
SG_015176,0.2405554394481238
SG_015180,0.13834690038363723
SG_015183,0.14545464411544212
SG_015189,0.16100002920353562
SG_015190,0.08671138185094635
SG_015192,0.11778975487318255
SG_015195,0.10747985003018923
SG_015197,0.16511343713127277
SG_015201,0.21293769586144742
SG_015202,0.11434408901274414
SG_015214,0.1470028326724333
SG_015215,0.18364514961065126
SG_015217,0.16164260147377374
SG_015222,0.12357496512656377
SG_015224,0.13510585598453445
SG_015235,0.13047994974913038
SG_015239,0.12422360329333695
SG_015246,0.172040419466121
SG_015251,0.172162707422701
SG_015252,0.19875872610152423
SG_015256,0.1897020015433429
SG_015257,0.22852778423586365
SG_015261,0.12558736249035043
SG_015262,0.17036284029739562
SG_015263,0.17533143335032114
SG_015269,0.15292878793252646
SG_015270,0.12822942956888495
SG_015272,0.17777997879575377
SG_015276,0.29333438842919085
SG_015277,0.12687829199207784
SG_015278,0.1236696234733072
SG_015279,0.18203496112583908
SG_015280,0.20177322001442827
SG_015283,0.18587597318565435
SG_015284,0.18263383466806163
SG_015289,0.2345479446784043
SG_015290,0.14516530124550378
SG_015294,0.18869078366815756
SG_015296,0.11614418202005075
SG_015297,0.33487604267396687
SG_015302,0.06942594704395261
SG_015304,0.23654823351403884
SG_015308,0.15538233559790707
SG_015309,0.18249043858842945
SG_015312,0.27925610367242043
SG_015317,0.2087193760218434
SG_015322,0.1660053683917661
SG_015323,0.17282629474622985
SG_015326,0.1928738162097936
SG_015329,0.10310772704434953
SG_015337,0.15198303353888556
SG_015339,0.1478727690488639
SG_015340,0.16424712984260426
SG_015341,0.21535895295558666
SG_015346,0.1766101814869619
SG_015348,0.12266581770046255
SG_015349,0.19182973132341588
SG_015351,0.27382460381177554
SG_015355,0.09508211278096741
SG_015356,0.16351774943442393
SG_015360,0.16627480205458323
SG_015361,0.18995208948896697
SG_015362,0.27901930919578016
SG_015363,0.08740604861140297
SG_015369,0.18227913146620625
SG_015372,0.1401066778390616
SG_015375,0.08233138897703728
SG_015381,0.20832896106524937
SG_015382,0.10998720083661903
SG_015383,0.1358376346349097
SG_015384,0.2679888584952938
SG_015388,0.15051711365752501
SG_015395,0.14395010443383097
SG_015397,0.16896711021479033
SG_015399,0.1835654881591779
SG_015400,0.24272134945068857
SG_015401,0.12547475926826143
SG_015402,0.19023892484663282
SG_015403,0.19908512001990447
SG_015406,0.2100602939973745
SG_015412,0.23282029037323623
SG_015421,0.2459098901419082
SG_015424,0.17841267883593198
SG_015425,0.17058704790031975
SG_015428,0.17414670114363284
SG_015430,0.1844296808919485
SG_015431,0.13483680130336925
SG_015439,0.1393937729234078
SG_015440,0.05682032182496819
SG_015446,0.20954998824021617
SG_015447,0.1686726602785675
SG_015448,0.15888907728923335
SG_015452,0.1612013890606486
SG_015454,0.24804016292877495
SG_015458,0.23860222231145176
SG_015462,0.1523466447140219
SG_015463,0.22757204255574695
SG_015464,0.15518026841863986
SG_015466,0.13568773000117348
SG_015467,0.2600959154494539
SG_015470,0.10346619780562158
SG_015473,0.15494425090630487
SG_015479,0.10617465273433875
SG_015481,0.18884074605359183
SG_015483,0.15106519147127578
SG_015492,0.2244884640979087
SG_015495,0.10469946943548074
SG_015498,0.19795772462090683
SG_015503,0.1458165318987145
SG_015507,0.17493670455461388
SG_015512,0.11579189373248691
SG_015514,0.1325787431012663
SG_015517,0.24950998858667855
SG_015520,0.31176567993632015
SG_015524,0.15647590666124556
SG_015526,0.16846655303429608
SG_015527,0.11027871475998359
SG_015535,0.13522978120955903
SG_015537,0.2507297341943141
SG_015538,0.2125064817305987
SG_015540,0.21316225591599203
SG_015542,0.10880363268942009
SG_015543,0.3358121061647742
SG_015544,0.1360943091869899
SG_015546,0.24739373561192876
SG_015547,0.18770805347342517
SG_015550,0.11018638841599589
SG_015556,0.12642250340101527
SG_015558,0.1696643214376729
SG_015559,0.24870708189036064
SG_015560,0.17919251986534226
SG_015562,0.06383323536750832
SG_015565,0.10741429749563902
SG_015568,0.2535923899169353
SG_015572,0.10810422500208536
SG_015576,0.0903914893706117
SG_015578,0.07061251169268723
SG_015580,0.11907995348595704
SG_015582,0.09356790924429848
SG_015584,0.17271108666516893
SG_015585,0.21916308414668242
SG_015586,0.13897936748226897
SG_015587,0.11727649300172627
SG_015589,0.2551051413872673
SG_015590,0.1168525889963021
SG_015591,0.21352421038235897
SG_015593,0.18538190871782825
SG_015597,0.11034133226017444
SG_015598,0.19520035138973285
SG_015600,0.2556107806475638
SG_015606,0.2998291141843473
SG_015613,0.2034145030609628
SG_015615,0.32844000865017475
SG_015617,0.15323863013469172
SG_015619,0.14690688153545034
SG_015623,0.15124193911859957
SG_015627,0.20359219071958706
SG_015637,0.07795063897541019
SG_015641,0.23201894285185568
SG_015644,0.21478013596093123
SG_015649,0.1109627613177347
SG_015654,0.2808064735031539
SG_015655,0.322183989174875
SG_015656,0.10889439846274677
SG_015659,0.17011375084004834
SG_015662,0.26697905911303277
SG_015664,0.14339200339687763
SG_015671,0.29214541620402457
SG_015675,0.07954225848044134
SG_015678,0.12950256195307747
SG_015680,0.18532306908251162
SG_015681,0.09511578158897055
SG_015682,0.22346666266248932
SG_015684,0.12279269543991345
SG_015693,0.2226106889389084
SG_015708,0.2229161115667845
SG_015715,0.15299331177187397
SG_015716,0.19189796327663838
SG_015718,0.10350616928218241
SG_015721,0.17970094452519494
SG_015724,0.24341331571950203
SG_015726,0.16967425744237158
SG_015729,0.15955396456133292
SG_015730,0.18506536971459678
SG_015735,0.06939919259116316
SG_015738,0.2400742122766204
SG_015743,0.12863825171587834
SG_015744,0.1012249883693122
SG_015746,0.12647497338684746
SG_015756,0.16271026920468196
SG_015762,0.12888279210121664
SG_015763,0.14342068257902002
SG_015766,0.16159490644018093
SG_015769,0.2167592003134216
SG_015770,0.1436849184452061
SG_015772,0.10617849135515703
SG_015773,0.25830187450196657
SG_015780,0.1746088775478537
SG_015790,0.16924715668011098
SG_015797,0.14099136363449802
SG_015806,0.10054060106933202
SG_015810,0.19697631972884772
SG_015815,0.10855825844029225
SG_015817,0.27705647462603883
SG_015818,0.1838562354394459
SG_015819,0.14599710410880853
SG_015820,0.19893370173175354
SG_015827,0.16104128978908255
SG_015828,0.11027281323945007
SG_015829,0.13197519100452754
SG_015832,0.15223599681626485
SG_015833,0.16587854059621743
SG_015834,0.10912490936505408
SG_015838,0.20358702882112656
SG_015840,0.1352388063980637
SG_015842,0.17980048956082545
SG_015845,0.08913391742880306
SG_015849,0.20046898189512255
SG_015857,0.11178143773530483
SG_015859,0.07291390060497897
SG_015860,0.29230203011364153
SG_015867,0.11631943020293586
SG_015873,0.20427522596265307
SG_015878,0.17238323985887122
SG_015879,0.0653086362268443
SG_015880,0.25246097312354904
SG_015881,0.11096912571715356
SG_015884,0.0811641758142862
SG_015885,0.0971310771004999
SG_015891,0.149895147903691
SG_015893,0.1649028024173409
SG_015898,0.17100581302315454
SG_015900,0.1904358031471051
SG_015901,0.11735651035141739
SG_015907,0.199534320574091
SG_015908,0.18275453381618548
SG_015910,0.22269059429928856
SG_015914,0.19028595737721696
SG_015917,0.28795438887570113
SG_015921,0.20744547850936454
SG_015922,0.18230154405656074
SG_015928,0.25186568602321435
SG_015939,0.194070566238584
SG_015940,0.12099299663387246
SG_015942,0.21518230362505789
SG_015943,0.2590529940638645
SG_015947,0.11203848968901457
SG_015950,0.17493422897392938
SG_015951,0.2357905586250157
SG_015955,0.12282953537381884
SG_015964,0.18163118063015304
SG_015965,0.15143291490962527
SG_015972,0.08804077505316735
SG_015973,0.12008131672234752
SG_015975,0.08218747479673953
SG_015977,0.16818240828352524
SG_015978,0.21024736617435474
SG_015979,0.3104992011316174
SG_015980,0.1312108283784085
SG_015981,0.19654881242671346
SG_015985,0.20357008507744795
SG_015988,0.15901251775002115
SG_015989,0.1649461836305029
SG_015990,0.1971779364315506
SG_015998,0.21386518461425497
SG_015999,0.08326426966605427
SG_016002,0.22131125027262394
SG_016003,0.1272651678645622
SG_016004,0.19437461075737317
SG_016008,0.3579672985631682
SG_016010,0.3143495074226207
SG_016013,0.25136064468299496
SG_016015,0.14827355377178392
SG_016020,0.08366822520938322
SG_016021,0.14979819805652403
SG_016022,0.11723608809129878
SG_016027,0.17536323114171912
SG_016028,0.14355971598171596
SG_016029,0.12365025783479741
SG_016030,0.2955729222096259
SG_016045,0.1022569226000716
SG_016048,0.15852206841101862
SG_016049,0.10681119668538286
SG_016054,0.3973483451108247
SG_016056,0.1860863870661704
SG_016060,0.1860591560114439
SG_016065,0.11021429063626678
SG_016081,0.09637765936289935
SG_016085,0.08165061920934108
SG_016089,0.13716239625758717
SG_016091,0.21938272614577992
SG_016092,0.22463079214367423
SG_016101,0.3023855397855345
SG_016102,0.2537925940565027
SG_016103,0.16142926211469974
SG_016108,0.08643457930516163
SG_016109,0.18202485958871822
SG_016111,0.25295430481691744
SG_016113,0.13279203211301774
SG_016114,0.13131720233299812
SG_016115,0.22387443201314822
SG_016116,0.16600701890113853
SG_016119,0.11140442352363966
SG_016124,0.0804491789117747
SG_016127,0.17308443108699162
SG_016132,0.2734445489363375
SG_016133,0.12975490420078978
SG_016134,0.171290775211086
SG_016138,0.12759487523636703
SG_016140,0.18063916855996942
SG_016146,0.23855011187625066
SG_016147,0.13104603948750687
SG_016156,0.21807816434897034
SG_016158,0.13867961688103225
SG_016159,0.223696502589985
SG_016160,0.0560525003534537
SG_016161,0.11616635347487139
SG_016163,0.18920721422677178
SG_016164,0.21598882822220872
SG_016165,0.19781816263214136
SG_016166,0.09838959984698971
SG_016171,0.22288114593895228
SG_016172,0.21299404539071315
SG_016174,0.18555821319569515
SG_016176,0.12864284524638966
SG_016179,0.32078031194401274
SG_016181,0.23524754939707063
SG_016183,0.08968726871149654
SG_016185,0.1904135761277037
SG_016186,0.13646515558255115
SG_016187,0.064664349303649
SG_016188,0.1964318770215049
SG_016190,0.10362226789540205
SG_016194,0.23749560939907427
SG_016195,0.09881460550744006
SG_016196,0.229060898193709
SG_016197,0.1724031352222905
SG_016211,0.11393742523447685
SG_016214,0.283312823876671
SG_016215,0.16346015993073096
SG_016219,0.1648866508107337
SG_016221,0.19854147590435073
SG_016222,0.11672936662121607
SG_016224,0.13813312156744692
SG_016225,0.25193758404878547
SG_016233,0.1947906059377602
SG_016234,0.1372284755296422
SG_016235,0.12638232564171073
SG_016238,0.04959116673889301
SG_016242,0.25208512687251755
SG_016244,0.0870212167815022
SG_016245,0.10028650320610195
SG_016246,0.22288364875450908
SG_016249,0.15860325241247103
SG_016251,0.25239774018064465
SG_016252,0.2905291812888593
SG_016259,0.18145325893229583
SG_016262,0.18540432493939882
SG_016263,0.07483409519977909
SG_016268,0.17794589956320792
SG_016270,0.09274256118547572
SG_016272,0.27017148058821444
SG_016273,0.23956180079882575
SG_016275,0.2349889770326578
SG_016278,0.15785355517836883
SG_016282,0.1776193954085548
SG_016285,0.10900862486561984
SG_016289,0.23191875087425395
SG_016292,0.15072247140619988
SG_016297,0.10444047009227231
SG_016299,0.16688685888346394
SG_016310,0.16285801255096888
SG_016315,0.150452823797869
SG_016316,0.20683995142496192
SG_016318,0.11737341020570122
SG_016324,0.11665422291086036
SG_016326,0.19381708857770363
SG_016327,0.2366776526639144
SG_016330,0.07786096224664005
SG_016331,0.22297804301739915
SG_016332,0.0568490919060569
SG_016333,0.18870734112536908
SG_016334,0.13597894651082693
SG_016337,0.10064193029839878
SG_016341,0.19497567669372706
SG_016343,0.12662963314811856
SG_016345,0.2628202722054143
SG_016346,0.1228828435829942
SG_016349,0.1722139503036973
SG_016351,0.08055387562083012
SG_016352,0.05781607927441764
SG_016354,0.12849896587661327
SG_016363,0.1697216113108753
SG_016372,0.2210561619138985
SG_016375,0.15908351955456984
SG_016382,0.13815446095951395
SG_016384,0.15218263904258983
SG_016386,0.08010409825194674
SG_016389,0.12231624349717966
SG_016392,0.17344349074734486
SG_016393,0.17005409624313542
SG_016394,0.27172784060311483
SG_016401,0.20745809798164982
SG_016402,0.17188330734242402
SG_016405,0.2846504501505803
SG_016414,0.14442906576396158
SG_016421,0.09935607649625748
SG_016424,0.15615863685309095
SG_016425,0.16351604089619834
SG_016429,0.10613985221468751
SG_016431,0.17053484644805975
SG_016432,0.1828730656052148
SG_016435,0.19297159576844505
SG_016436,0.2687447534351356
SG_016443,0.0861299796066585
SG_016445,0.166581347434541
SG_016450,0.21788577937922762
SG_016452,0.15853816995502545
SG_016456,0.23007030288114275
SG_016462,0.06168545255644612
SG_016463,0.14303488493124894
SG_016474,0.20924889629819762
SG_016482,0.13099726292691943
SG_016488,0.1493502910970427
SG_016502,0.1361845851933613
SG_016503,0.2541282290899525
SG_016507,0.2455154583323098
SG_016508,0.13190975319230377
SG_016511,0.12801423716594135
SG_016512,0.22308247170411147
SG_016517,0.16981225880633832
SG_016518,0.28874440389412215
SG_016520,0.1716814503610646
SG_016522,0.24886237242128534
SG_016524,0.10841330178539958
SG_016526,0.20072673525400314
SG_016528,0.15785939440219643
SG_016529,0.2083843649009569
SG_016532,0.25770126387523173
SG_016535,0.1057303856844948
SG_016537,0.11137538064374697
SG_016539,0.07225679028908363
SG_016542,0.1117376401963603
SG_016545,0.10828617074664686
SG_016547,0.15130937670554553
SG_016548,0.10230213869001017
SG_016554,0.19705844300410866
SG_016562,0.240116802636018
SG_016563,0.2221951534002436
SG_016566,0.09210914409779802
SG_016567,0.14467954090145016
SG_016580,0.13147410352787786
SG_016581,0.1353934822605006
SG_016585,0.24292695242301496
SG_016600,0.21776353170445364
SG_016603,0.18294043751086514
SG_016604,0.13385317342440603
SG_016606,0.21950772033053853
SG_016609,0.16193637746693865
SG_016612,0.224749924975008
SG_016613,0.16703850145479487
SG_016614,0.14824253342513832
SG_016623,0.09517067853582009
SG_016625,0.310880632776836
SG_016632,0.222881450523653
SG_016634,0.09970658384003081
SG_016637,0.21510090243799335
SG_016641,0.19848506074873024
SG_016646,0.12320588280351726
SG_016647,0.09520275077220888
SG_016660,0.07410619219349626
SG_016662,0.21811051252373606
SG_016670,0.27188908808151363
SG_016671,0.10749327065211725
SG_016673,0.11420046647026272
SG_016675,0.19430845044816739
SG_016685,0.15718707018042494
SG_016689,0.23297576075801407
SG_016690,0.146423184731874
SG_016691,0.07001933094666975
SG_016692,0.1599274817326995
SG_016696,0.23869766913417473
SG_016698,0.07827185699040481
SG_016699,0.08862372398654829
SG_016703,0.09984495568481094
SG_016704,0.23930343744403504
SG_016705,0.22706622530426562
SG_016708,0.2285966950003504
SG_016710,0.11287325126672547
SG_016711,0.223112438699388
SG_016714,0.1571767243287836
SG_016716,0.08530826004492184
SG_016719,0.16648422204858707
SG_016720,0.11539501990742754
SG_016721,0.0997789886384278
SG_016723,0.09433487451877753
SG_016732,0.22060522683560047
SG_016733,0.27338021546991054
SG_016736,0.0671269023155536
SG_016737,0.10202471337939781
SG_016738,0.19548483334255315
SG_016741,0.2388166218971536
SG_016745,0.21562685721292021
SG_016746,0.15840701208185395
SG_016752,0.16178145361907376
SG_016754,0.11856715599986618
SG_016758,0.18617270371144026
SG_016763,0.09274041102217997
SG_016765,0.18206943269407005
SG_016769,0.15374718942228666
SG_016776,0.21159267153673356
SG_016778,0.2526889224409147
SG_016779,0.1675079810979863
SG_016780,0.27605300843992364
SG_016783,0.24162282457974796
SG_016785,0.12349010461729429
SG_016786,0.22207748381374612
SG_016792,0.17040994917565855
SG_016793,0.10280789660706455
SG_016794,0.29331617819241007
SG_016805,0.14371700238154478
SG_016807,0.17516263045106456
SG_016810,0.15025206686181855
SG_016813,0.12353511561044823
SG_016818,0.2180443423763152
SG_016819,0.10938903052332791
SG_016823,0.2415044674188121
SG_016827,0.13167250823287707
SG_016828,0.1308566761412183
SG_016832,0.17655402192385278
SG_016834,0.30529585110517105
SG_016837,0.2438738984544932
SG_016840,0.09656893026133
SG_016843,0.26997511695231624
SG_016847,0.14432856339978203
SG_016849,0.1752170328812977
SG_016851,0.15900194568960607
SG_016857,0.14025438076546232
SG_016858,0.25564955362007313
SG_016859,0.1743999102371133
SG_016861,0.18607258952204603
SG_016863,0.20066500240122692
SG_016874,0.4084876196614243
SG_016877,0.11838078405505517
SG_016881,0.29290158360343227
SG_016885,0.18276649711588894
SG_016887,0.2376608300721117
SG_016888,0.19366494551893673
SG_016891,0.14481256319628416
SG_016893,0.12048631803049056
SG_016895,0.2525720089659077
SG_016900,0.16432391121918152
SG_016902,0.14766303341714088
SG_016904,0.16982461060627257
SG_016909,0.11828482495918516
SG_016911,0.23773728365309393
SG_016924,0.08304459268038915
SG_016925,0.17996441102042532
SG_016928,0.21448996583751434
SG_016937,0.05838374198328868
SG_016939,0.2145195748149255
SG_016941,0.20050426013838707
SG_016944,0.2730143576308042
SG_016946,0.13046815080969382
SG_016951,0.17990322447030732
SG_016961,0.27471132197787895
SG_016963,0.14725840077768254
SG_016967,0.1585380509835328
SG_016968,0.2259813037284526
SG_016971,0.18266731551767618
SG_016973,0.14361533704153762
SG_016974,0.13386442902981638
SG_016975,0.20620271522899744
SG_016976,0.16338459356128537
SG_016986,0.14308180892473438
SG_016989,0.22324460792624845
SG_016990,0.2411689288270397
SG_017003,0.19387640287659788
SG_017005,0.11626428015179671
SG_017006,0.065332628542294
SG_017016,0.09106797209854185
SG_017018,0.17477173033087764
SG_017021,0.1462805234739361
SG_017026,0.10652381648469185
SG_017028,0.11921142200072558
SG_017040,0.15869282613183094
SG_017043,0.12717970847583907
SG_017044,0.21409498746221906
SG_017046,0.20430124550712617
SG_017048,0.13565326895875346
SG_017049,0.13641668183645167
SG_017050,0.11103607902485409
SG_017055,0.185811245575537
SG_017056,0.11686285947687584
SG_017062,0.1433135341473716
SG_017067,0.11941986643125976
SG_017070,0.1508397797628163
SG_017071,0.27278984427623404
SG_017076,0.1701747767502823
SG_017077,0.15946359737044208
SG_017079,0.11279051097435452
SG_017080,0.11153811992826912
SG_017085,0.2312031867548512
SG_017098,0.15652080535411278
SG_017103,0.15474966946527097
SG_017110,0.22176235896156168
SG_017111,0.24213894674010908
SG_017114,0.09169679460092489
SG_017116,0.3281841043127306
SG_017123,0.10777817917333732
SG_017124,0.2110258698774034
SG_017126,0.11586035471645277
SG_017127,0.11674397836150623
SG_017130,0.20611149469575513
SG_017139,0.2647824243043434
SG_017144,0.1335274068994797
SG_017145,0.15184764532329514
SG_017146,0.17367323475669255
SG_017154,0.1393788946298063
SG_017158,0.24586191688523612
SG_017170,0.21989812636553693
SG_017171,0.208036904340381
SG_017172,0.0615365289366263
SG_017182,0.07568620203959975
SG_017187,0.08356659943928786
SG_017190,0.20551942156365496
SG_017192,0.16904979571284678
SG_017193,0.12932001325763337
SG_017195,0.1928088394291252
SG_017202,0.2155860660632764
SG_017206,0.19315238966117415
SG_017208,0.14622360238499238
SG_017213,0.1788696697712194
SG_017218,0.10638338374431647
SG_017220,0.17509105803358063
SG_017223,0.11927553337953697
SG_017224,0.2008012966619602
SG_017225,0.1476277612334805
SG_017227,0.12785954872838023
SG_017228,0.19564880002886884
SG_017230,0.13755983841591482
SG_017232,0.26279692145910344
SG_017235,0.19352306554401402
SG_017239,0.18696194641974756
SG_017241,0.22204747669583816
SG_017245,0.09636149377616358
SG_017250,0.29912191579338954
SG_017254,0.14220218988703634
SG_017255,0.15322743013528775
SG_017266,0.13264364289012792
SG_017269,0.15391985078913772
SG_017272,0.13710193415532518
SG_017276,0.14383502742100046
SG_017279,0.10526469597239929
SG_017281,0.08412883963958642
SG_017287,0.24904764568490365
SG_017288,0.14464893654547767
SG_017292,0.15567404791472966
SG_017294,0.17839692200495677
SG_017296,0.12215966921073966
SG_017303,0.14009694540195902
SG_017304,0.19328108130347949
SG_017309,0.2161945326253393
SG_017311,0.14549253507208865
SG_017316,0.05755961662737458
SG_017317,0.20848975667884054
SG_017318,0.21943578701363867
SG_017323,0.1883894846228848
SG_017328,0.23852183985519043
SG_017338,0.14704305645994986
SG_017339,0.20332379630717573
SG_017347,0.16882049677122773
SG_017348,0.09331900123756381
SG_017349,0.11713925591941146
SG_017350,0.13174784853376917
SG_017354,0.10883893016183877
SG_017358,0.23071995226450276
SG_017360,0.06982024444109688
SG_017361,0.1407143573326743
SG_017364,0.22813870997228589
SG_017368,0.12398485704841047
SG_017373,0.1301406908001681
SG_017376,0.2005481447772453
SG_017383,0.18702092434598966
SG_017385,0.11561288068209223
SG_017391,0.1808544799209743
SG_017399,0.2640933847913673
SG_017402,0.04184496155914559
SG_017405,0.12324226316562903
SG_017406,0.12848082131641517
SG_017416,0.21217999192205675
SG_017419,0.23644813024877803
SG_017421,0.14634990204521497
SG_017423,0.2631240302269037
SG_017425,0.19403446178377828
SG_017428,0.14386192200040435
SG_017431,0.1815659333903738
SG_017432,0.20420818773335286
SG_017438,0.3446966850166567
SG_017439,0.08010816368310097
SG_017445,0.07305007918454216
SG_017448,0.05956235570385293
SG_017452,0.18495493652790104
SG_017454,0.1749185309170917
SG_017457,0.17774903500783154
SG_017458,0.22421019546537782
SG_017464,0.15132144599039118
SG_017465,0.10389545478022895
SG_017466,0.3077641363687356
SG_017467,0.2512537118523276
SG_017475,0.1365691240001754
SG_017479,0.18264832693619662
SG_017480,0.04762715724211183
SG_017481,0.19757794144916524
SG_017482,0.13445996138800648
SG_017484,0.17690549118050738
SG_017486,0.1721809099770304
SG_017501,0.11893130722228318
SG_017504,0.1546598672164474
SG_017507,0.18744790331263667
SG_017509,0.10369516861791335
SG_017513,0.11723232715813017
SG_017514,0.20524373460376433
SG_017516,0.05551561136848062
SG_017518,0.15496852299417432
SG_017521,0.21288629403309628
SG_017526,0.192111379873398
SG_017529,0.10204160450942382
SG_017532,0.12616040936082298
SG_017535,0.14560719719870557
SG_017537,0.15460813953855643
SG_017538,0.13846925751965006
SG_017542,0.15657401723568382
SG_017545,0.31237241048603437
SG_017549,0.26717256324577815
SG_017557,0.14536696549872907
SG_017559,0.22668517725481135
SG_017560,0.08867672466944439
SG_017562,0.17386044264529388
SG_017563,0.20296645349078446
SG_017565,0.1755320431664818
SG_017572,0.16444183525964334
SG_017575,0.3178850971728613
SG_017577,0.17920979338659837
SG_017578,0.11293798889214832
SG_017579,0.22830732114421762
SG_017580,0.1243636458155843
SG_017581,0.33396276968890726
SG_017589,0.16182003139520998
SG_017590,0.1206254886165969
SG_017594,0.18997682319421233
SG_017597,0.18001743441166035
SG_017604,0.2544384573788423
SG_017605,0.1681136622548412
SG_017606,0.18730126677607623
SG_017607,0.15945268442668892
SG_017611,0.21043431181562355
SG_017615,0.11764879607483394
SG_017616,0.12036221782838834
SG_017617,0.24197752521142996
SG_017621,0.12583196851433504
SG_017622,0.15566056152313734
SG_017629,0.18527073380598286
SG_017630,0.09717360145325289
SG_017634,0.1301189328685645
SG_017639,0.1611841113067783
SG_017642,0.13119045721536282
SG_017646,0.26098379350412404
SG_017657,0.24312222444858334
SG_017658,0.18899707121447457
SG_017667,0.11350103102849755
SG_017673,0.15206526362017117
SG_017674,0.14567701836119545
SG_017677,0.07666758071666187
SG_017679,0.09470647818856161
SG_017683,0.14440343509069123
SG_017687,0.09709724211983907
SG_017689,0.26846219289276807
SG_017691,0.11563483412880368
SG_017693,0.21410172552443588
SG_017696,0.14829372021599468
SG_017697,0.11720855565926791
SG_017702,0.09759639445247895
SG_017703,0.37551557017697884
SG_017709,0.07420346947839533
SG_017714,0.12921586616205602
SG_017715,0.21728174728753227
SG_017718,0.1835559281414844
SG_017719,0.12151722723465204
SG_017728,0.2445281499176241
SG_017729,0.15836437155282793
SG_017739,0.14020915489697475
SG_017743,0.10340107118758302
SG_017745,0.11425555939004299
SG_017746,0.07550440319452201
SG_017749,0.24634885560774186
SG_017750,0.2104501533794597
SG_017754,0.13624050038068938
SG_017757,0.21209622737142841
SG_017760,0.3332965153274148
SG_017774,0.2602954961791756
SG_017775,0.05214775893952019
SG_017776,0.11774308297558658
SG_017777,0.22532289905819214
SG_017778,0.1354245416040966
SG_017781,0.19499882290620937
SG_017782,0.3088904501699884
SG_017789,0.1592839561306663
SG_017795,0.18835095536170968
SG_017798,0.2164466452326066
SG_017811,0.19336519223058762
SG_017817,0.155301691028024
SG_017819,0.2108794701410019
SG_017822,0.26664770334866617
SG_017827,0.11501538994574985
SG_017830,0.29635496509189385
SG_017832,0.14626500806999726
SG_017834,0.33403682991910255
SG_017838,0.22927187522561038
SG_017840,0.2487423279612062
SG_017847,0.17527204096419452
SG_017851,0.17865104314853966
SG_017855,0.2870457982812622
SG_017862,0.07561023406006372
SG_017865,0.12072980751632349
SG_017866,0.11914086856142951
SG_017867,0.16693316608551073
SG_017878,0.17084883874618922
SG_017879,0.0995149551234141
SG_017880,0.13236847155702564
SG_017881,0.10283877485803623
SG_017882,0.24820083643393417
SG_017886,0.12400848208874682
SG_017888,0.13273383647894757
SG_017889,0.1790397272601867
SG_017895,0.18899920985788335
SG_017900,0.18674138241625418
SG_017902,0.17791596331515433
SG_017907,0.25680324563431745
SG_017909,0.1686423913129028
SG_017910,0.14135441156013467
SG_017913,0.20339690149601686
SG_017914,0.22613154744118127
SG_017917,0.2642775704836974
SG_017918,0.30600830045759286
SG_017919,0.08785438492616848
SG_017920,0.2311989014182428
SG_017936,0.14450525658688657
SG_017938,0.14044193616973782
SG_017945,0.2415953419717256
SG_017947,0.15744850254123416
SG_017949,0.13985979202829166
SG_017956,0.2419559647567063
SG_017958,0.25418322725944176
SG_017960,0.1573895517688977
SG_017965,0.09300283479077656
SG_017971,0.21316831865779698
SG_017973,0.29627385802444245
SG_017978,0.2882216239685769
SG_017981,0.1086072782364869
SG_017985,0.24589062343958235
SG_017987,0.2533118797817242
SG_017991,0.1745429896732083
SG_017992,0.23749877762638424
SG_018002,0.15163108886895213
SG_018003,0.22481249466880576
SG_018005,0.11092642465519191
SG_018014,0.12357178394795047
SG_018015,0.13636981639204843
SG_018016,0.18664230354216516
SG_018017,0.2586172177630705
SG_018024,0.10193433718863634
SG_018028,0.1969555247209393
SG_018032,0.12268330286902862
SG_018033,0.1790493623438748
SG_018037,0.15207379412696803
SG_018040,0.15347732391085991
SG_018042,0.0898758154411493
SG_018046,0.11983642822899518
SG_018050,0.33156440461024667
SG_018055,0.2415156814505289
SG_018056,0.20217444009096516
SG_018061,0.1248901477717573
SG_018063,0.21537244588369114
SG_018064,0.1735509432811599
SG_018067,0.12342950583916415
SG_018072,0.1826884378491227
SG_018073,0.2173274306657858
SG_018074,0.32061112536897707
SG_018076,0.26623734203722493
SG_018080,0.07906954551997948
SG_018084,0.1818278622310489
SG_018088,0.20444223856826738
SG_018090,0.1665823177585655
SG_018092,0.1745502296283983
SG_018094,0.22586439653383827
SG_018096,0.12216507443456284
SG_018100,0.21035242682480254
SG_018109,0.20483200638598914
SG_018111,0.0997860952929247
SG_018120,0.22438677851799724
SG_018124,0.3771992356065604
SG_018125,0.1676579984932523
SG_018130,0.1744398537414545
SG_018132,0.19622912422208533
SG_018134,0.1337987990028386
SG_018140,0.12904586494195586
SG_018144,0.11282828502640196
SG_018146,0.21831140037261462
SG_018150,0.19214755377830012
SG_018154,0.32021804717327146
SG_018155,0.13404475279149042
SG_018160,0.05943656558154553
SG_018165,0.20014635996870006
SG_018166,0.0933205419831892
SG_018170,0.12876009955999138
SG_018174,0.1700108903131377
SG_018175,0.06785924403143521
SG_018178,0.1797306955102425
SG_018181,0.16922708549364912
SG_018186,0.21852977756218922
SG_018188,0.12616761817062172
SG_018195,0.10688013709177631
SG_018198,0.26516009484713426
SG_018201,0.05750721721778869
SG_018206,0.22477393440873644
SG_018208,0.1240005658317597
SG_018214,0.33245007921782344
SG_018215,0.31025291108962516
SG_018216,0.2053463607518941
SG_018221,0.23899629799414962
SG_018224,0.13086068834150866
SG_018228,0.1680332824260101
SG_018229,0.11064900063029959
SG_018238,0.10978563881380214
SG_018241,0.09557618935041126
SG_018246,0.1904146535967016
SG_018247,0.12523313622549284
SG_018252,0.24629615298919613
SG_018253,0.13195833946745003
SG_018259,0.2503376512322964
SG_018261,0.11028129183831788
SG_018263,0.34107953909971195
SG_018266,0.14863700372515007
SG_018269,0.23165182865386727
SG_018270,0.14712144462496296
SG_018276,0.13173482766762185
SG_018278,0.16408778393992252
SG_018281,0.11843637340141469
SG_018282,0.17914220634105602
SG_018284,0.18443181440335893
SG_018286,0.08235031620400476
SG_018287,0.1963046620572115
SG_018294,0.06716323114468517
SG_018297,0.14519341934932745
SG_018303,0.21776343151071037
SG_018305,0.190702889868425
SG_018307,0.10543169296997804
SG_018312,0.17421889046129893
SG_018316,0.16561093955497225
SG_018321,0.14486335172033446
SG_018322,0.24066256663652852
SG_018325,0.08952309409647438
SG_018327,0.07345161942602649
SG_018330,0.13561097827930835
SG_018334,0.19481535103431746
SG_018336,0.1656547982582151
SG_018338,0.22856484006204097
SG_018341,0.11965754532083805
SG_018342,0.18740129359034965
SG_018347,0.18593320086317874
SG_018348,0.15697228422429776
SG_018351,0.21526640722010776
SG_018360,0.34087189864338263
SG_018361,0.17710173327992315
SG_018364,0.21285734169131673
SG_018366,0.2686129382613819
SG_018368,0.24361396961422307
SG_018372,0.23499738870836132
SG_018379,0.11305154765362099
SG_018381,0.13937885998279112
SG_018386,0.12530901138680023
SG_018387,0.24821315457149024
SG_018388,0.22022794190584935
SG_018394,0.3049007545966741
SG_018407,0.20099118845950348
SG_018410,0.13760398710170482
SG_018411,0.12151783294515228
SG_018417,0.2226876867922596
SG_018418,0.16275391000963305
SG_018420,0.13375573090542842
SG_018422,0.2511322980299009
SG_018424,0.20451429207725086
SG_018426,0.0570152498748159
SG_018427,0.12876650596156541
SG_018430,0.10052795923063476
SG_018433,0.19728271125400978
SG_018434,0.17548696393208793
SG_018436,0.23832107136813888
SG_018441,0.1799093953756194
SG_018442,0.13737091954098946
SG_018445,0.18835713278847016
SG_018448,0.14227375715133966
SG_018452,0.07182619289089989
SG_018455,0.17773950752492582
SG_018458,0.13990613775379462
SG_018462,0.3032021070925389
SG_018468,0.15190881754735802
SG_018469,0.18810285410293914
SG_018470,0.22001664337084162
SG_018471,0.1750011455640291
SG_018472,0.19977197983633024
SG_018474,0.053322212435806274
SG_018476,0.22852545201219177
SG_018481,0.22299119384319122
SG_018485,0.16657603621604694
SG_018487,0.20467595210310865
SG_018490,0.1403912200691619
SG_018491,0.1783905770759246
SG_018493,0.1521948215409199
SG_018494,0.14300227185373232
SG_018497,0.15136022247811068
SG_018501,0.11033190373848101
SG_018503,0.18455871618616676
SG_018505,0.09969921051546396
SG_018506,0.18150668707875492
SG_018510,0.227472043915549
SG_018511,0.1392109880041919
SG_018514,0.14621545958623422
SG_018519,0.1782444057045834
SG_018520,0.0749305868073051
SG_018524,0.15498221211542848
SG_018525,0.09026842945633455
SG_018526,0.12829356601574202
SG_018529,0.16710256274154722
SG_018531,0.23490167077031066
SG_018534,0.12289988664622742
SG_018536,0.10776666321710364
SG_018537,0.15623319301980162
SG_018543,0.23703523517511327
SG_018544,0.1561594271866506
SG_018547,0.12206333487598149
SG_018548,0.15292159151256485
SG_018549,0.19579364886081588
SG_018553,0.1450722100768504
SG_018555,0.16598416102581223
SG_018558,0.20079955858723092
SG_018566,0.10084853056434676
SG_018568,0.1724075815913162
SG_018569,0.05552075821689121
SG_018573,0.2062064971848973
SG_018576,0.17025708202751966
SG_018579,0.0969076442265184
SG_018587,0.1959700729398446
SG_018591,0.14156823952573924
SG_018594,0.1272685073247472
SG_018601,0.21749379160114649
SG_018603,0.2525942546524016
SG_018608,0.1823965933946415
SG_018611,0.20274630886628042
SG_018612,0.199239469261678
SG_018615,0.1137526857434131
SG_018617,0.1428881251560134
SG_018621,0.17124776496051144
SG_018623,0.22879598533955128
SG_018624,0.23332247156826874
SG_018631,0.13828119202421982
SG_018636,0.12308674827194528
SG_018637,0.12471820134861214
SG_018639,0.29523595173234163
SG_018644,0.09303703475222111
SG_018645,0.247556083325772
SG_018647,0.23860053112666718
SG_018650,0.23745760901537477
SG_018651,0.09208210447058836
SG_018662,0.1650108214948845
SG_018663,0.17931086162182988
SG_018664,0.2013642104928314
SG_018665,0.1778939492572797
SG_018670,0.2761732055441003
SG_018676,0.2532582335913939
SG_018677,0.08188387938839878
SG_018678,0.24994272089823938
SG_018680,0.14931663724593308
SG_018685,0.2053488349433746
SG_018686,0.2618834185713443
SG_018687,0.20931243318105475
SG_018688,0.11146212649690894
SG_018689,0.13299562063919115
SG_018693,0.1350596961966132
SG_018694,0.12420045743371935
SG_018697,0.1836311206887093
SG_018703,0.1351259439888022
SG_018705,0.19434752720634457
SG_018709,0.07614654640397092
SG_018710,0.3203174100607201
SG_018711,0.23715465497270144
SG_018717,0.08117007222160091
SG_018721,0.18955279153544005
SG_018722,0.16792206995561662
SG_018731,0.1993634562253897
SG_018733,0.16980337089859193
SG_018738,0.13274215140750587
SG_018744,0.23607888785738837
SG_018745,0.17427399517399128
SG_018748,0.1622473154416692
SG_018756,0.256688676751918
SG_018758,0.25163344305207336
SG_018761,0.10939879082372377
SG_018765,0.15734464297893305
SG_018766,0.30641356965582844
SG_018767,0.1280664327853021
SG_018768,0.22503584973374374
SG_018770,0.11006281322739848
SG_018779,0.1461519107092019
SG_018787,0.15848280406282314
SG_018788,0.2334047142666924
SG_018789,0.21023729208600486
SG_018791,0.22056467902345026
SG_018792,0.16143507702759413
SG_018793,0.08546520890931082
SG_018798,0.2705948646556628
SG_018799,0.1892167173156905
SG_018800,0.12549664993403017
SG_018803,0.12384794874036335
SG_018806,0.2623611454444218
SG_018809,0.0996026574957705
SG_018811,0.1759352263684375
SG_018817,0.117146066483367
SG_018818,0.15105706950559478
SG_018821,0.1177521585270811
SG_018822,0.1551970002855671
SG_018823,0.14628903108714156
SG_018826,0.21333795699596605
SG_018831,0.13415690721103712
SG_018834,0.1358406129306972
SG_018837,0.17229988547756564
SG_018838,0.2779315200732594
SG_018842,0.23591920292599808
SG_018843,0.29895876284406847
SG_018847,0.21492724970482682
SG_018850,0.16181024949943162
SG_018852,0.27249763473760885
SG_018853,0.135751299654591
SG_018859,0.26893567033332516
SG_018861,0.19209253071285853
SG_018875,0.15857620114832366
SG_018883,0.15566270962838583
SG_018885,0.12921018334248027
SG_018889,0.15456597499871372
SG_018890,0.18452923421422524
SG_018894,0.16658449699481848
SG_018895,0.2693244701031473
SG_018899,0.18832089009830663
SG_018901,0.23103345331530895
SG_018902,0.18822340487164774
SG_018904,0.24341950283929314
SG_018905,0.20640507629970953
SG_018906,0.20814170501599433
SG_018907,0.19336869828979855
SG_018908,0.09020641060607398
SG_018915,0.23152016210452472
SG_018918,0.09173223007371409
SG_018920,0.24402959921496636
SG_018924,0.23543856812736727
SG_018928,0.1983808329418262
SG_018940,0.1348783988994259
SG_018941,0.15016553541938024
SG_018942,0.14714246073837545
SG_018965,0.2676867461351177
SG_018966,0.09643586305112077
SG_018968,0.13561025403925164
SG_018970,0.21779964287288558
SG_018972,0.11733515353836277
SG_018978,0.12316075942572513
SG_018981,0.14266666115999788
SG_018984,0.10596082918828283
SG_018990,0.18268377664387958
SG_019006,0.19277543705967506
SG_019012,0.18291426609520803
SG_019014,0.21895563109682398
SG_019015,0.24448474925031424
SG_019016,0.194374692497598
SG_019018,0.2238332335665368
SG_019019,0.09945022270003157
SG_019023,0.2852453459117675
SG_019028,0.27500709228328174
SG_019030,0.14924059918697122
SG_019036,0.20333836322724727
SG_019038,0.1328356699918416
SG_019039,0.23443563747576532
SG_019041,0.19233322377264456
SG_019042,0.1250187583230778
SG_019044,0.3003353543818786
SG_019051,0.16234912607179225
SG_019053,0.19248372943472242
SG_019054,0.14875475827961887
SG_019058,0.2571447738279926
SG_019069,0.14475680737754207
SG_019071,0.08206414790317905
SG_019082,0.16531500269843927
SG_019083,0.12379875739221295
SG_019084,0.2376081389246783
SG_019087,0.14138981899404693
SG_019092,0.1204170833427107
SG_019098,0.15626347053595194
SG_019102,0.3088945545707721
SG_019105,0.19378925171519823
SG_019106,0.18531888331236482
SG_019109,0.10831994833887366
SG_019115,0.24168556497068328
SG_019117,0.265760083188678
SG_019119,0.1252428309685764
SG_019120,0.15278806602503042
SG_019131,0.12875443152273613
SG_019142,0.3099506247831507
SG_019146,0.13282357351844568
SG_019147,0.18086804356840816
SG_019149,0.09949476972073634
SG_019150,0.1445330437782094
SG_019162,0.16297970655829278
SG_019167,0.16367026244124466
SG_019169,0.1561641322614547
SG_019171,0.06467399820267253
SG_019176,0.23797860037146598
SG_019184,0.17993494455132247
SG_019187,0.17571386776559267
SG_019190,0.11710523464538677
SG_019197,0.20170329735638942
SG_019198,0.11354541926325859
SG_019201,0.12248685759479072
SG_019203,0.20300310901689017
SG_019204,0.16502315470670958
SG_019208,0.09098037495700387
SG_019209,0.14540614221214337
SG_019211,0.10938725558310099
SG_019212,0.18655021953560183
SG_019217,0.19867597408477836
SG_019221,0.14277016718923705
SG_019222,0.334538604769585
SG_019223,0.10046082986080299
SG_019225,0.20702095762103995
SG_019237,0.2558565992413052
SG_019244,0.20958595972263536
SG_019245,0.2210013372243184
SG_019246,0.09963117247018619
SG_019247,0.12791702539708574
SG_019248,0.1279375454437232
SG_019249,0.1697019357926627
SG_019251,0.14045530549579838
SG_019253,0.1250972647359356
SG_019254,0.0817780491874419
SG_019255,0.26119126824956007
SG_019259,0.10709926237793957
SG_019265,0.11121520294176945
SG_019266,0.1848805967529757
SG_019267,0.2566047029230626
SG_019270,0.12494540359887467
SG_019271,0.12558184115562845
SG_019272,0.18150208025605383
SG_019273,0.14317856641656238
SG_019274,0.08703589191642638
SG_019275,0.18246920821738197
SG_019276,0.1562202796884665
SG_019282,0.1244360301074396
SG_019286,0.18151300827043718
SG_019289,0.24920504846711208
SG_019295,0.24879349419577101
SG_019296,0.23047588997547833
SG_019298,0.07401968370403786
SG_019300,0.1284683856283933
SG_019302,0.2596331170467288
SG_019311,0.1532956738534923
SG_019314,0.1767585841555888
SG_019315,0.15974025484498905
SG_019316,0.2697848731759917
SG_019321,0.11484751093682852
SG_019325,0.24751407517287743
SG_019326,0.2215876264748306
SG_019328,0.1188652366064314
SG_019330,0.1375029933438987
SG_019333,0.13656852054399454
SG_019336,0.18063950167740478
SG_019339,0.15646073268625296
SG_019346,0.1368695613778817
SG_019352,0.18765339061185535
SG_019358,0.26445347871740554
SG_019362,0.23633815610366407
SG_019368,0.1160241299940152
SG_019371,0.15386914805747542
SG_019373,0.2882037527015094
SG_019374,0.1822888616090245
SG_019375,0.19036218385030054
SG_019376,0.2581211441542704
SG_019386,0.1703606994581343
SG_019388,0.13423182345476464
SG_019394,0.23291414984950234
SG_019398,0.1511375472053196
SG_019408,0.16509289130623467
SG_019411,0.1351356031639095
SG_019419,0.2978529074660491
SG_019421,0.2388497177741613
SG_019425,0.14335788186128479
SG_019427,0.15261049730807633
SG_019428,0.23802324332238625
SG_019431,0.13488192170580623
SG_019432,0.10207240629614138
SG_019433,0.192526685083753
SG_019436,0.1829457444269565
SG_019437,0.3083156161796422
SG_019440,0.05932017880374979
SG_019442,0.22608592367615127
SG_019446,0.13278801764997544
SG_019447,0.14605983508568904
SG_019449,0.11389533947521809
SG_019452,0.0694474412038529
SG_019455,0.1865140501361188
SG_019456,0.1709961957827161
SG_019458,0.23903724321738565
SG_019466,0.17081622581525543
SG_019468,0.31694166425942305
SG_019470,0.15218275519417915
SG_019471,0.1701825762856412
SG_019473,0.09392602065204146
SG_019478,0.21644875808447797
SG_019485,0.37562500670379667
SG_019488,0.20178533024517448
SG_019489,0.18071096730793654
SG_019491,0.19067843076189286
SG_019496,0.188972424570392
SG_019498,0.1145540903512641
SG_019510,0.22016341696662578
SG_019516,0.0801556294131587
SG_019519,0.11590399151136477
SG_019523,0.19708580738627904
SG_019527,0.13603386556095765
SG_019530,0.21440660493976363
SG_019532,0.1560874358733379
SG_019534,0.1936108485772219
SG_019540,0.21242249151223952
SG_019541,0.1460602024507047
SG_019543,0.1931833893624439
SG_019553,0.11786897705643862
SG_019558,0.14161194306525088
SG_019562,0.13501361488525276
SG_019563,0.187163380643094
SG_019564,0.18255435790497748
SG_019567,0.10443170208612049
SG_019570,0.2504644022408936
SG_019577,0.1357976111360309
SG_019583,0.2898556002639648
SG_019585,0.2144426958520182
SG_019587,0.22385602265207968
SG_019588,0.070346167209754
SG_019591,0.12408322376553563
SG_019593,0.08533916781005964
SG_019598,0.11060975683427758
SG_019599,0.15543567574415604
SG_019602,0.2890568444759513
SG_019609,0.22406270041075418
SG_019620,0.19286691270837203
SG_019621,0.09696591000559171
SG_019624,0.2982652506143679
SG_019625,0.20695365703655164
SG_019627,0.044327959267324954
SG_019635,0.10898090065818963
SG_019638,0.11034193286794
SG_019639,0.0743138305791941
SG_019642,0.2743628421327851
SG_019645,0.13867068494802703
SG_019647,0.25693327538791283
SG_019648,0.1205198683007704
SG_019650,0.1214047386903447
SG_019652,0.12458170283468999
SG_019654,0.22448679864537838
SG_019657,0.21390215326535128
SG_019660,0.13172586453757465
SG_019661,0.09965275888962917
SG_019662,0.1587312666116656
SG_019665,0.12050716196375708
SG_019666,0.16032914830622896
SG_019667,0.19656299704330632
SG_019676,0.16645521991748388
SG_019679,0.312708259434985
SG_019680,0.22952583480709138
SG_019683,0.19148721770076865
SG_019689,0.1174244658382498
SG_019690,0.1779382174809358
SG_019691,0.19441419578717709
SG_019695,0.11660554723131608
SG_019698,0.1568128170079704
SG_019710,0.15297683378922727
SG_019711,0.19681748501935967
SG_019716,0.11164123224001335
SG_019724,0.18471739123845116
SG_019727,0.2922630584007564
SG_019728,0.11478984318708878
SG_019729,0.13020792859360908
SG_019733,0.3571066449027949
SG_019738,0.1571955627484279
SG_019740,0.12209557532302298
SG_019746,0.17167394947536235
SG_019747,0.17298752942021878
SG_019750,0.1937606999732985
SG_019755,0.3093229144750401
SG_019756,0.17818370023601582
SG_019761,0.11379405541404594
SG_019764,0.11424746873114408
SG_019766,0.1458920230498668
SG_019767,0.133594388073729
SG_019769,0.2380651671494193
SG_019779,0.07318335529549798
SG_019782,0.11991467960405608
SG_019783,0.181970149227566
SG_019784,0.11787023417889235
SG_019791,0.13325741767094273
SG_019792,0.0993368787435853
SG_019793,0.24909298769662974
SG_019797,0.1301066616393444
SG_019800,0.24664582025934756
SG_019801,0.1403050546808977
SG_019802,0.11698126129709305
SG_019804,0.10866673223991918
SG_019807,0.22722159311386075
SG_019809,0.18887328394952982
SG_019811,0.18162153586485744
SG_019812,0.20218651517105676
SG_019819,0.1396644909714005
SG_019828,0.13122763198662132
SG_019830,0.13884700667618693
SG_019832,0.0985557164100904
SG_019835,0.13351960652940545
SG_019838,0.11621112985240808
SG_019839,0.11086839208483898
SG_019842,0.21233430250567417
SG_019846,0.25564691327777084
SG_019849,0.08927216457541905
SG_019851,0.2344558817594214
SG_019852,0.09950967477801967
SG_019853,0.17854569344522916
SG_019854,0.23102329425063
SG_019857,0.18546527439064375
SG_019858,0.19697926713475128
SG_019859,0.2515549212074499
SG_019864,0.18101022693252722
SG_019865,0.14653298563707465
SG_019868,0.1787668771187562
SG_019869,0.2678750059141348
SG_019873,0.09726036024219185
SG_019878,0.142529645289801
SG_019883,0.3414097047694575
SG_019887,0.12106288312641593
SG_019888,0.13943142901421796
SG_019895,0.2006059180654928
SG_019900,0.1295675053767666
SG_019903,0.14226785187975274
SG_019906,0.23701099744457887
SG_019909,0.07611325954364308
SG_019910,0.11663922141898386
SG_019913,0.18386874014487928
SG_019914,0.15939061448106634
SG_019921,0.19828556452551654
SG_019923,0.18166652873495578
SG_019928,0.3108974694267655
SG_019930,0.3020667391512827
SG_019933,0.17791136627474682
SG_019939,0.1621410486686571
SG_019941,0.19576199395358013
SG_019944,0.14925945462979254
SG_019945,0.15413011101306603
SG_019947,0.11154344322557605
SG_019949,0.23104891349324924
SG_019950,0.19294422775985876
SG_019954,0.15656802657875837
SG_019955,0.2482017365847288
SG_019960,0.10218737878493103
SG_019961,0.2366765083097928
SG_019966,0.2504631057774235
SG_019968,0.18107814864921684
SG_019970,0.12106700180951091
SG_019973,0.11989161342150056
SG_019974,0.18604565174866933
SG_019976,0.15624086674247364
SG_019978,0.1757588633307751
SG_019980,0.07461708581949336
SG_019981,0.13860586812969983
SG_019983,0.24306380099679079
SG_019984,0.1828322987888331
SG_019985,0.11265769194500774
SG_019989,0.11628318707990726
SG_019994,0.1645035761593447
SG_019998,0.12983625144090843
SG_019999,0.25745309781099934
SG_020000,0.11674864606992422
